Query_name,Agricultural land,Grasslands,Other,Peat,Rhizosphere,Temperate forest,Tropical forest
K00023,-0.00872900017453677,0.05655801118774241,0.032728334171826974,-0.034645586167542076,0.06098450006135968,-0.021380179943476713,-0.03677681411598633
K00034,-0.008373782673587758,0.059632750211659105,0.031075804940382264,-0.0331466282472981,0.05479157039461763,-0.019382392652797245,-0.0352527662757154
K00038,-0.005129100345444067,0.0649922042384599,0.007374846667477891,-0.026549866434937924,0.041049144454451625,-0.01729744479381947,-0.02854558626943952
K00039,-0.009517078346041137,0.05737274028850569,0.03396530376105174,-0.03424839973027277,0.05967663097670414,-0.02085081617302629,-0.03637297947611421
K00046,-0.009396731433151307,0.05761063606989026,0.03432649111363542,-0.03413242378469649,0.0589345964579062,-0.020696245276160073,-0.03625506229712486
K00065,-0.005800198282866791,0.07421033467598025,0.0089628994713693,-0.027565731284136447,0.03639866032606198,-0.016617834213846213,-0.028027133158106912
K00068,-0.008006918697197794,0.05798538587604982,0.034895458287329074,-0.033949730494084396,0.05653229294857196,-0.02045275456227942,-0.03606931104205024
K00076,-0.009757772171820797,0.05689694872573655,0.033242929055884364,-0.034480351621425334,0.06116070001430005,-0.021159957966758722,-0.0366088138340929
K00081,-0.005845358585062575,0.06120377787038948,0.03322692852202942,-0.02839675219191075,0.040811108291611414,-0.019758944775097594,-0.030423385646678503
K00208,-0.0017247075534738924,0.0659222404210178,-0.010409556681340401,-0.02363826127531785,0.03192969837277509,-0.01306014246969839,-0.024033924206854577
K00216,-0.00848830634875711,0.05703380275051155,0.03345070887699435,-0.034413634276389514,0.059500431023763775,-0.02107103814974428,-0.03654097975800763
K00666,0.04789302755115185,-0.04425418015112966,0.00889415054875905,-0.02555822726561896,-0.01859727026197888,0.05480562740397286,-0.0259860270520337
K01467,0.050401738144859834,-0.03349548816804361,-0.07566972697800042,-0.02429727418470263,-0.02331258552914513,0.08331465135288516,-0.024703967833626342
K01710,0.030687577382340823,-0.036613399374886536,-0.017663942086697984,-0.01784930186046545,0.010400206596683746,0.02651406992343036,-0.018148067789894022
K01784,0.03193064377098231,-0.02730209745805499,-0.022021106625238953,-0.021277950597988225,0.015401092936205719,0.0236211992410727,-0.021634106078826588
K01861,-0.007645083364687303,0.07056345776351465,0.028709111355776654,-0.027817827808861793,0.03883133083074383,-0.020664141416992046,-0.02983477108735696
K01895,0.04869322895440177,-0.04267238188543226,0.011295729612429507,-0.024787088960822285,-0.019506371032085145,0.05080305470617402,-0.025201981247876454
K01896,0.04730971621247334,-0.038289552645368145,-0.0010123375379936142,-0.022650427425853263,-0.018959328794872846,0.048620429665025784,-0.023029555755618818
K01897,0.0491395447473314,-0.04996228770095944,-6.336620220766106e-06,-0.02435698323673091,-0.019047722340722866,0.058083404210130994,-0.024764676310201534
K01909,0.04107222645244256,-0.03743860737867817,-0.012596042691961493,-0.01825159684014035,-0.017731407789935,0.0477760097204906,-0.018557096480189463
K01911,0.05119594982406069,-0.04721537902660212,0.004398284434274639,-0.02700183352724985,-0.0210023850383544,0.06126550121318588,-0.02745379674424897
K01913,0.045307343516932094,-0.04330221556659464,0.003784597528628701,-0.021110149018428555,-0.018182540327506408,0.04731973252860934,-0.021463495795863916
K02025,0.008229627330143895,-0.007984946546369196,0.007775532672689879,-0.019828674255386102,0.0524405316192093,-0.021397008304153326,-0.0201605713984541
K02028,0.0006657939631545695,0.031895806207028,-0.005885788997174234,-0.028274433063871736,0.056419893725326666,-0.014208824965670408,-0.028747697359552894
K02036,0.07141057895609805,0.0473128363099356,-0.07963145727588053,-0.08696053902286333,0.07791716972632375,0.048067844618042824,-0.08996742729881041
K02041,0.06765023171160635,0.04462469475984219,-0.06475041570517044,-0.08827102782724863,0.07825112725381331,0.05135157954278101,-0.09129985138160092
K02054,-0.0051164578502461925,0.008075688910066537,0.013665602863095712,-0.01996697318212373,0.05489017562125123,-0.01990455305767755,-0.020301185206059832
K02062,0.003769836965221358,0.004288608867867002,0.0015950567673993761,-0.021813202595318534,0.04166723527995507,-0.002243843980588084,-0.022178317253479966
K02068,0.07572248228473863,0.02973820155349381,-0.08103118565915832,-0.09247673724722563,0.08176643017290218,0.06850764439290316,-0.0986786004864413
K02182,0.048614950109722624,-0.045199682371484466,0.007458633525950266,-0.026019166561860024,-0.018223091785284518,0.055868072694232405,-0.026454681661642655
K02193,0.07915009323755239,0.011997250197048746,-0.07074417707700247,-0.09222518185699811,0.07663168579292226,0.07290999162693561,-0.09532019099737707
K02346,0.0033209930655357413,-0.03403241147551824,-0.02591868612798736,-0.023033245421547676,0.012767981124395552,0.024278564669332706,0.014800145346624202
K02363,0.05126308543606485,-0.05288226656601843,0.008201937247366507,-0.025780494439691392,-0.017968580742148424,0.05618617110504729,-0.026212014587796595
K02364,0.04928477379878514,-0.03543982955200459,-0.053806831451176734,-0.017277177928227656,-0.017558030769044386,0.050751477616051366,-0.017566367508973262
K02473,0.030802101057510172,-0.034014451913738974,-0.020038846023310058,-0.016582295831374036,0.005691345967537604,0.0282027154203774,-0.01685985430760179
K02479,0.044693393534092636,-0.014726997686944512,-0.10265669255876748,-0.03905142784626768,-0.022597432492138792,0.05023632700241836,0.019950292739219683
K02483,0.06666639500235542,-0.042995982289170356,-0.03929360306757762,-0.029861257882459146,-0.015185747034912038,0.061771316962896464,-0.03346372633945679
K02490,0.04788577089746635,-0.03688721835960499,-0.06677307620923115,-0.04680313297856892,-0.01680349848351534,0.06266634512953961,0.00896619418861359
K02521,-0.007289940653776621,0.01537845213766061,-0.006382600463192701,-0.024374799323949856,0.03806993719625785,0.019493768482458703,-0.024782790607395206
K02658,0.06424116314802385,-0.07230654170196443,-0.03814454830160672,-0.06500273681917837,-0.01003091657080198,0.0444037913458148,0.027129566025489646
K03205,-0.002744217186182536,-0.025459606277254094,-0.030460668119313136,0.006067179811366184,0.011645636440891971,-0.008717213885963594,0.014630488744375766
K03331,-0.007416353851884998,0.07101559886848532,0.016754021205930735,-0.027597405690076467,0.03906638075141569,-0.017016810604973457,-0.02961065948986259
K03366,-0.011694969253499018,0.05781271958310941,0.03463330617658285,-0.03403390658361557,0.060771065401382836,-0.020564943116456513,-0.0361548960913167
K03367,0.051984027995565056,-0.048030108127365405,0.003161314845049875,-0.027399019964519156,-0.01969451595369887,0.060736137442735455,-0.027857631384121093
K03502,0.00408889700660466,-0.03014189445795233,-0.026332653279401423,-0.022662372551126492,0.0069991415272912545,0.02512961938247726,0.01672854772875732
K03535,0.020630925298463526,-0.01536846688745159,-0.01631022197329814,-0.01944420630199311,0.027745012675903763,0.00762062805604386,-0.01976966812751598
K03566,-0.01742173861233139,0.06336388468487729,-0.03325613868376165,-0.02488547853950193,0.06522798997596474,-0.01975274738876571,-0.025302017695108724
K03576,-0.009496066129051387,0.04370613576662327,-0.025645221865409098,-0.026500798918880356,0.04705704077854142,0.006599602867462954,-0.026944375697484542
K03581,-0.009822844189148684,0.012744097391155541,-0.01670301128795256,0.033846463708437795,-0.0013906628623679342,-0.010723106200185224,-0.016145992188589798
K03717,-0.002997215535814545,-0.0006523846394996207,0.0065008045489955,-0.02023798482077718,0.03642133321419164,0.009916248378681016,-0.020576733103035382
K03733,0.03833998855334622,0.01067491214666808,-0.002989160111429716,-0.028193592542196336,-0.035651781444317104,0.08015523928082251,-0.04037093147441253
K03793,-0.009637425258930967,0.05713484450712112,0.03360411640846805,-0.03436437567584905,0.060418665495502094,-0.021005387069892505,-0.03649089665510356
K04105,0.05210437490845489,-0.04779221234598083,0.0035225021976335617,-0.027283044018942874,-0.02043655047249682,0.06089070833960167,-0.027739714205131744
K04110,0.051984027995565056,-0.048030108127365405,0.003161314845049875,-0.027399019964519156,-0.01969451595369887,0.060736137442735455,-0.027857631384121093
K04116,0.04988441593278632,-0.045062828346709466,0.007666413347060239,-0.025952449216824203,-0.019883360775820792,0.05595699251124684,-0.026386847585557385
K04479,0.003321151984303939,-0.031659534566856024,-0.022316044989676483,-0.02187645045184893,0.007941595534913476,0.024143544760270447,0.015976303030169246
K04761,-0.007408327568525313,0.0035452350382603813,0.0004664229432393273,-0.022175602812352736,0.04301219909154542,0.012364155490735254,-0.022546783412953474
K04787,0.05114289744194322,-0.050747285438740776,-0.001198166307335233,-0.024739675415568926,-0.01772439711984449,0.055896580299118814,-0.025153774083240897
K04792,0.049471276324608564,-0.035071160651028506,-0.05324709666500904,-0.017097449123679623,-0.017366374679881176,0.049314239452207614,-0.017383630360247083
K05296,-0.00860865326164694,0.05679590696912698,0.03308952152441066,-0.034529610221965795,0.060242465542561734,-0.021225609046610496,-0.036658896936996976
K05354,-0.006496441210818043,0.06334378528091843,0.03038933774979926,-0.031337471318498504,0.04806371843446368,-0.020324732769657055,-0.03341332724089618
K05711,-0.008728841255768572,0.05893088809640463,0.03633097531013785,-0.03348879119784333,0.0561581144718776,-0.02151519985253897,-0.035600656432441286
K05779,0.08067908854420766,0.04401768130219128,-0.09048692805436936,-0.09653492836026198,0.07896158848301894,0.06716602998932711,-0.09970207507945016
K05780,0.029846616213262185,0.0874700570809181,-0.025217286895228848,-0.06339960963001363,0.07014480180107065,-0.0010158603553041313,-0.06601212937416694
K05783,-0.0069891310138205575,0.05182513722124939,0.03795006126819517,-0.032968908583981674,0.055846790949156115,-0.02082230856813988,-0.035072071897712456
K05815,0.01166549650399271,-0.0011930915480097139,0.005445768638188102,-0.01651759492027847,0.03692579039381587,-0.01866083225260927,-0.016794070417015517
K05817,-0.007148439511380775,0.005113441141708147,-0.0032393101689118763,-0.023869296457477367,0.04650472504746453,0.014780399848301316,-0.025820148263695563
K05819,0.010509180990261985,-0.026940848019199312,-0.027793415172598666,-0.019576056005770448,0.03463444459546813,0.013795251051481884,-0.011512484377949588
K05833,0.07880297503887024,0.031082440619274367,-0.08531106160052626,-0.09182141080206073,0.07727100420373287,0.06938105306283,-0.09801230502881869
K05847,-0.009852517142344051,0.024548255205462628,0.013860311985506555,-0.019904452790912932,0.028119929936467898,0.008683996708889224,-0.020237618333427274
K05886,-0.009625460945953611,0.05715849496491959,0.0336400239230524,-0.03435284590348182,0.06302808123022238,-0.02434357608817866,-0.03647917389461923
K06074,0.07874280158242532,0.030963492728582075,-0.07917087660660364,-0.09187939877484887,0.07547775411663782,0.0693037676143969,-0.09807126361831336
K06857,0.08064261491577457,0.0334008586464595,-0.08155700022202957,-0.09467515343899777,0.0820192420131378,0.06557763023558014,-0.10091381429987618
K07357,0.025930308479954093,0.027795732309005464,0.0038082360482411407,-0.01586307811388422,-0.05107131004269699,0.08149815220122245,-0.037776588052333186
K07358,0.03920092817699916,0.01606742789180386,-0.04560225815169914,-0.018529147238442907,-0.04677989911506908,0.09902944730720628,-0.04358992599029809
K07547,-0.0038088099012323325,0.07340168648040045,-0.004906395070758451,-0.02795995323534169,0.03944110450520812,-0.015466469106572229,-0.0284279536916306
K07548,-0.00872900017453677,0.05655801118774241,0.032728334171826974,-0.034645586167542076,0.06098450006135968,-0.021380179943476713,-0.03677681411598633
K07636,0.031516952170019465,-0.02706539006315239,-0.027748399307337263,-0.02056919401009155,-0.003441247037463237,0.015111645727857495,0.004260235004849691
K07639,0.048694333818218784,-0.04135210742015337,-0.005896191047572468,-0.020159456934091307,-0.007645981446816037,0.030142243391694735,-0.02049689079759884
K07640,0.04556481084031725,-0.03462110635115769,-0.008084244179323456,-0.020862032838565067,-0.004932354414760328,0.029205861393414988,-0.021211226587402297
K07643,0.046726157208182045,-0.05130591684032273,-0.01445376774966238,-0.028996000839090007,-0.007546165736763194,0.04016315028057547,-0.009596218635602574
K07655,0.046012340341123975,-0.03610901509707945,-0.004022495987488219,-0.020061616480856213,-0.003974444270915271,0.026562326630646418,-0.02194873441915762
K07656,0.040671311352510044,-0.03585855360756665,-0.0038763335522525705,-0.015955526159203554,-0.009118639127828178,0.02868130283081319,-0.017773915365095354
K07657,0.055931926165743204,-0.03363564759209888,-0.04989710182850972,-0.03326600277847846,-0.015353612162557996,0.05723352708273355,-0.017040336403586393
K07658,0.06432565604295468,-0.04182344056968073,-0.04992083576446205,-0.033273623659012146,-0.019690273478113533,0.05722337009428953,-0.017048084844260722
K07659,0.06175721263120453,-0.03609227004970524,-0.028811981526163804,-0.026495647318460956,-0.01332819942112998,0.04781239279137353,-0.030041781372236103
K07660,0.0642953823615926,-0.05743675109596569,-0.07971255690358804,-0.044869216036630535,-0.023398311022068158,0.06356706103299131,0.010932481499830992
K07661,0.0677892733968753,-0.03154969924506115,-0.04040931382039138,-0.03224908759585945,-0.014269211766074184,0.05858885547461034,-0.03589152412383365
K07663,0.0622842638277256,-0.03505042150357068,-0.03355096452105612,-0.02751352130889108,-0.012786584391156297,0.048489325619847916,-0.02952537103162672
K07664,0.07109919187936511,-0.04504179176626671,-0.04848634697132742,-0.03484259357116555,-0.017034829740880993,0.07693038408524006,-0.03852844082910826
K07665,0.06531664527508914,-0.04487324604644626,-0.0793661384804404,-0.04272840329300892,-0.02111542821368881,0.07145063580365951,-0.0067759965903467344
K07666,0.06664781148189652,-0.05753171194739179,-0.07985673204753581,-0.04491551015110694,-0.02691050509230393,0.06518213883086393,0.010885412503275346
K07668,0.06739170266828087,-0.046834591934134,-0.08843064480019161,-0.04766856235978694,-0.02551772252265862,0.06654324817940839,0.008086279041203952
K07669,0.06407944718555045,-0.04573716907857644,-0.04345543390644582,-0.031197606631698464,-0.017476486403238543,0.0750812533110745,-0.03482244321710966
K07670,0.06198339654550102,-0.03564516095703211,-0.028133154232300846,-0.02780346117283178,-0.013095765440655441,0.048102898377682377,-0.02982016397910009
K07671,0.0616368657183147,-0.03633016583108981,-0.02917316887874749,-0.02661162326403724,-0.012586164902332029,0.04765782189450731,-0.03015969855122545
K07672,0.07159765985870577,-0.04669262595082503,-0.08212842794678545,-0.043615364396500336,-0.025524078184849284,0.07362206385850391,-0.0076778038632022635
K07685,0.0402259875979516,-0.0211853803970298,-0.0871790739630085,-0.04067415415465043,-0.02162635043282039,0.03262582120457994,0.03663420736867941
K07688,0.05736015719554461,-0.04662947675720089,-0.08788512397356017,-0.05307833853123077,-0.027062347244037572,0.04124538929499298,0.04390752303043971
K07690,0.054334332497673846,-0.04074796243520173,-0.09791779937911779,-0.0502110569806949,-0.030064733784097502,0.04171330085545556,0.04682279783270475
K07691,0.041486696575328975,-0.009203022638722153,-0.08794909041571286,-0.036358449325048205,-0.019725740706977503,0.03370415167771771,0.02268834698592764
K07692,0.05476629228456271,-0.032776397552034015,-0.08581490121361396,-0.046324860387937594,-0.0215921040888629,0.06198376262488084,0.011003793973436525
K07694,0.0660246796404433,-0.04373725707435102,-0.08349398612210637,-0.05014257730395002,-0.019498850335634612,0.0632459203854463,0.0055708534368373915
K07696,0.050416810463672024,-0.0271388599166029,-0.09621799635928123,-0.04357651926904206,-0.021258496511627437,0.060616374410752794,0.013798137490363783
K07705,0.04370793034094332,-0.041718730313783266,-0.038056712816248776,-0.02033818829498881,-0.015627936346676342,0.034934366648217335,-0.0007934895321996422
K07709,0.02068528440943736,-0.02237870080307681,-0.0016704563011555999,-0.019810181307474774,-0.005333361049642143,0.013126451324367483,0.006583273997518573
K07753,-0.004773723925726863,0.07043982017103881,-0.0033165987660848917,-0.023894113544995203,0.034358363891215556,-0.015434677412202263,-0.025845380745623554
K07770,0.07198094337726298,-0.035390246783323774,-0.06473438892303593,-0.04208935980881379,-0.020433976093122693,0.07397912065983563,-0.02601138091685275
K07771,0.06660562955629998,-0.046806753586922024,-0.05116601570569329,-0.03570302545804142,-0.01795236219120048,0.06236939128013972,-0.01951815055788545
K07772,0.07272469628368018,-0.05000073628524508,-0.0499286321404652,-0.03327612704699781,-0.01796152912043244,0.07566459005456759,-0.036935754409581564
K07773,0.07035287995922139,-0.04862600866753533,-0.03543398547404364,-0.030147731537497436,-0.012998487046687393,0.05503915924393519,-0.03220367330783316
K07774,0.055361947148572614,-0.04293451435361396,-0.04528695459284278,-0.033815280311966275,-0.018536462039411568,0.04141045799631942,0.0022863163978098905
K07775,0.06387855961299031,-0.03901658532536182,-0.03957262746256989,-0.029447055383625617,-0.014848432963283125,0.05932656500044399,-0.03149126906711646
K07776,0.060980118773606956,-0.029456229832135656,-0.031144209801862544,-0.027244517337411116,-0.014126766459310037,0.048491088590966416,-0.030803186158595196
K08081,-0.005796672685290411,0.06841770602926997,0.012575644747597209,-0.02487990908239359,0.03417285526151607,-0.01674853003556509,-0.02684767676703301
K08151,0.03304216428929611,-0.045403491629683566,-0.036628046528497826,-0.03408650207795883,0.021653791278467553,0.05349994543499383,-0.024714488052295695
K08153,0.04012472366450645,-0.0764817336826855,-0.07117130223833824,-0.047711591146335414,0.04791710695225019,0.07187299491642173,-0.030176396769667286
K08154,0.02428597475584192,-0.03635048233118041,-0.06127611376135267,-0.02170511636603552,0.0028256821638745033,0.0599409923670623,-0.012125859713251511
K08161,0.033834817197431,-0.06967118719348528,-0.061299336240243495,-0.03642342257014656,0.028788938824781587,0.06511957442157047,-0.01869928409904966
K08162,0.0403202341926602,-0.038925108211481756,-0.059098386285425755,-0.018976276944516122,-0.004652868588489816,0.055194056885008703,-0.019293906455336355
K08164,0.010742175708909903,-0.01936258736994033,-0.04157076928399865,-0.017407380953909434,0.016931403127832288,0.02877983294132479,-0.007756187766863211
K08174,0.014108320279535439,-0.03511609772741745,-0.02147732650982358,-0.019577561950105574,0.01558728606348798,0.03559135610443881,-0.011514015529145041
K08177,0.006750096496415451,-0.02356327746928026,-0.022899492032255178,-0.013945476985369078,0.0328473214657007,0.014592485842480843,-0.01573022150228019
K08191,0.027362566432592224,-0.047140386635706404,-0.03926510257585614,-0.03493325118598351,0.03200503983460242,0.05237141168260501,-0.02557541025158352
K08194,0.02631568904707398,-0.04920980169307217,-0.04872778877220058,-0.03594210626811636,0.03525776912143848,0.05773393709581451,-0.026601151793961615
K08217,0.03676456503414978,-0.0530714661486308,-0.0552931033772983,-0.02587273062970872,0.0035757354922828556,0.04935612874578392,-0.006420670374437694
K08221,0.02246182203765118,-0.054455371221027025,-0.08197503530764103,-0.03697357721759227,0.04811353402987767,0.05600244776288555,-0.019258647367978637
K08223,0.021711659063603214,-0.02852197516184896,-0.03019397529782698,-0.020346867133138383,0.012169806913237689,0.04462670553124084,-0.02223875966581415
K08224,0.015731159870652996,-0.026108551405708728,-0.026529773553392852,-0.019170305276658244,0.02814146652040368,0.026073474178698063,-0.02104250423255832
K08225,0.040260254740945293,-0.04378879813520764,-0.05384116874755387,-0.021347361604407974,-0.008047011712553178,0.05371069079569947,-0.01176211676594025
K08261,-0.00848830634875711,0.05703380275051155,0.03345070887699435,-0.034413634276389514,0.059500431023763775,-0.02107103814974428,-0.03654097975800763
K08295,0.05079284101718052,-0.04563966166608819,0.006790631110419152,-0.02623365970851723,-0.01931752620996322,0.05558219963766264,-0.02667276504644016
K08479,0.05037567900181861,-0.05885433675389846,-0.03761936804653115,-0.044034516655583056,-0.015478187232897025,0.0542621067075407,0.010229830528946507
K08678,0.031530005772569626,-0.034948128905194546,-0.015135630618612197,-0.01703747024143148,0.005205964965098084,0.027596066201493866,-0.017322647536968584
K08679,0.029953849429560895,-0.03331867070366798,-0.025303248780591613,-0.016243097366892868,0.006918761488775075,0.028654793742394716,-0.016514978257224342
K08683,-0.0071090011704057834,0.05870587216585149,0.035755239990115206,-0.029614499620461702,0.04643820339249589,-0.021381939192192858,-0.031661516026066656
K08690,-0.008421991817055316,0.0595374527787653,0.03725189744888925,-0.033193086447719004,0.05560773604224287,-0.022797867119516504,-0.035300002104725746
K09013,0.06782040344210712,0.04865173494976165,-0.07783276560920023,-0.08232382757386975,0.0681445678036827,0.05089402422268887,-0.0852531054527055
K09460,0.05127438758750804,-0.042315201631887685,-0.0008035356813641645,-0.024612960956513354,-0.022783515181649047,0.05606546331606524,-0.02502493864693772
K09681,-0.011608596017416676,0.032412503637507396,-0.017508763026990504,-0.032006527761745146,0.06456002437261557,0.00596876640863403,-0.032542260760675436
K09695,0.06948424132358016,0.046931983159828064,-0.0736548093210247,-0.0911301962394173,0.07260509595584573,0.06598548176453815,-0.0942068772458275
K09697,0.08097463583147772,0.03405718105042121,-0.08056053298688731,-0.09740675709331569,0.08322614449288483,0.06600407051133161,-0.10058849669259351
K09810,0.07607761074609413,0.03861236244072255,-0.07996536763604432,-0.09518607261569703,0.0812656648443629,0.06561020777044871,-0.09833064186136047
K09812,0.06513678382509394,0.02383915109831618,-0.06610897345336245,-0.07450020244715276,0.057441836989000086,0.057967671722105506,-0.07729852659733531
K09814,0.0794188967664025,0.026500366130991958,-0.0798603818762935,-0.09312278302240211,0.07480881047264941,0.07171368306074764,-0.09623281642807359
K09820,0.036571813423343924,0.05357645462380892,-0.06450319401118318,-0.07348079628966919,0.08439572581216381,0.03620819128258475,-0.07471073562120459
K09841,-0.007218681606925229,0.05954353368394876,0.037261129836415184,-0.03319012196165495,0.05301377644374542,-0.021117138241792104,-0.03529698799837732
K09972,0.07961638360613271,0.03269034614877436,-0.08286984495504927,-0.09408911067407352,0.0755097686082881,0.07042577692604636,-0.0972153187055786
K10000,0.07261252145044653,0.04019852528482831,-0.07147048625649578,-0.0873772523857668,0.07335301948384886,0.058536378183516584,-0.09349375921462251
K10004,0.07107013912946049,0.0511213792691037,-0.07970167643161986,-0.09002025762099866,0.07919168673169111,0.05669060067347843,-0.09618100371040145
K10010,0.07829379552177688,0.020849286939886497,-0.08235350657020972,-0.08884217158841178,0.07525371207562555,0.06999818001716107,-0.09498319858901075
K10017,0.05236822748167845,0.050268049764328866,-0.05665054839612478,-0.07602609086636342,0.06977037356082612,0.04383978563938608,-0.08040127745772686
K10021,0.06159917459822434,0.037672010155534105,-0.056812259784982194,-0.08064097011797101,0.07014785621321758,0.05410016525659831,-0.08664472342580029
K10025,0.055243635565447806,0.04171663660778676,-0.05699224893813704,-0.08019496776309239,0.0739819082188594,0.051697795636834944,-0.0846399340237371
K10038,0.07969352353297307,0.038642430385172205,-0.08624049538638878,-0.09517141427132124,0.07695276126272474,0.06898329989447884,-0.098315738162073
K10041,0.07583321259950333,0.03127517814836293,-0.07261098173308088,-0.09079502699646232,0.07815674955861816,0.059725078572877614,-0.09386609785906015
K10119,0.009252576089707445,-0.005962832404600348,0.004524846499436728,-0.01884287871798771,0.048297505555920744,-0.020083155680790495,-0.01915827537704464
K10191,0.0062728718886364675,0.04587939742616295,-0.00244690066098423,-0.041377271856595545,0.06668730975392331,-0.009873968091856651,-0.042069854635468
K10195,-0.0022428167918280132,0.008747415764577805,-0.003808672143087513,-0.027607478394772893,0.048474039905770594,0.011831749483554707,-0.02806957904197313
K10199,0.027814555978309088,0.018603132715110635,-0.0377726525735151,-0.049164880467612644,0.0506959081540537,0.03807729471002181,-0.051539135873943945
K10202,0.008470321155923551,-0.007509154983600059,0.008497907377857243,-0.01959672236423354,0.0509564625816134,-0.0210878665104209,-0.019924737040475406
K10235,0.009016127665306845,0.03943931493910001,-0.0122246122722826,-0.04451685950156929,0.06853361229954023,0.0010326401179498964,-0.04526199345740686
K10238,0.009361779769922286,-0.013919124648684307,0.004852590578633023,-0.018737641285890717,0.05187255458012938,-0.01994289690400449,-0.019051276455369123
K10526,0.0496869290930561,-0.05125280836449186,0.010675876425816045,-0.02498612156515278,-0.020584318911459478,0.05724489864594814,-0.02540434530805235
K10554,0.05875558230946772,0.035741591786244205,-0.05365645861618637,-0.08064964045031148,0.07858692785264114,0.043064687063431285,-0.08355089538035532
K10617,-0.008006918697197794,0.05798538587604982,0.034895458287329074,-0.033949730494084396,0.05653229294857196,-0.02045275456227942,-0.03606931104205024
K10620,-0.008794996868702162,0.05880011497681311,0.03613242787655384,-0.033552544056815084,0.05522442386391643,-0.019923390791828997,-0.03566547640217812
K10681,0.05753110160030863,-0.0660629187577782,-0.029601524765898724,-0.04602297064506252,-0.014897103522669038,0.05293194344762971,0.00665677156395044
K10682,0.06845118141776935,-0.030241272447446028,-0.044743562051395604,-0.031611219895189904,-0.0161861342729689,0.05943899540737452,-0.03524297963939224
K10697,0.06666767220016134,-0.0211131565243369,-0.06810708342541438,-0.03911316165466968,-0.014663148646206214,0.05782441596021807,-0.022985366438538796
K10780,-0.00848830634875711,0.05703380275051155,0.03345070887699435,-0.034413634276389514,0.059500431023763775,-0.02107103814974428,-0.03654097975800763
K10822,0.08039609785227446,0.035286118763453375,-0.08501546621639265,-0.09375607524663518,0.07953648494038552,0.06680256304192854,-0.09997935235455198
K10824,0.07782953325938122,0.028103717068715967,-0.07742608027965046,-0.08928957197105401,0.07304520712867686,0.06772511404063333,-0.09543808766741216
K10829,0.07292061374019497,0.040807546773193044,-0.08318739139095122,-0.09013191558481921,0.07366962518714336,0.06563919649584037,-0.09319188712830849
K10830,0.07525091531391713,0.026697086779492108,-0.06715425460293394,-0.08904289175655544,0.06963667792045065,0.06709063014449032,-0.09208463495594675
K10831,0.07372375514065659,0.024996363061866957,-0.05732893884832827,-0.08588801859426244,0.07473233078878347,0.051174060655755665,-0.08887695476400463
K10918,-0.010016706716356134,0.02053304024444241,-0.02992639238510173,-0.025845888158108205,0.05900960337240486,0.0074724575198383,-0.02627850288208054
K11049,-0.009560285332090593,0.06308692874351896,0.030233465977128556,-0.03544667927309676,0.06186165814993874,-0.022447864101460015,-0.03759131611159794
K11050,0.07259941821963038,0.043599658577375446,-0.07871414028889892,-0.08970316335641951,0.07346987565036585,0.06549710815829358,-0.09585860184536744
K11071,-0.0025341602993011743,0.005008085413265491,0.021415641427549696,-0.01747846397952936,0.044558224877462006,-0.018264685404277208,-0.01777102273486052
K11076,-0.0065775191672760875,0.03893065058631689,0.004794925063434026,-0.024844894615894304,0.052285663078424534,-0.018021879922631292,-0.025260754467977
K11080,-0.0015408688089079189,0.028851875606789947,-0.017062144860928642,-0.025774383149847157,0.05475731895144947,-0.009200020319876104,-0.026205801005705603
K11084,0.004527781111250822,0.018176925092872644,-0.007752264330696432,-0.03496248864940028,0.05881077719136871,0.005382664437186519,-0.03554769923624178
K11148,-0.01712916537629479,0.0755414246257552,0.017304617109949794,-0.02691681512987022,0.051807658249674246,-0.027490414082463766,-0.027367355288381662
K11152,-0.006881664088715327,0.04070199482491599,0.007484283959713578,-0.02245556842316372,0.04368373716578647,-0.013517407339006266,-0.024382756907789127
K11164,-0.010962183461987702,0.06321552530295255,-0.008432374846933821,-0.01944803349997343,0.037368083833267,-0.016216124028384536,-0.021324881138013344
K11329,0.0721701568096063,-0.04055219888464177,-0.04799076194793231,-0.03265388397459948,-0.015566578454770497,0.06475646072639601,-0.03630309608221646
K11330,0.06398971690210042,-0.0506596689642076,-0.04460828377826285,-0.03359736158116659,-0.02090120245404664,0.06349900876861611,-0.017377241570016563
K11332,0.06109530461031048,-0.03740069684732037,-0.024477733295159582,-0.0271335150191305,-0.011411276914235267,0.04696225285860935,-0.03069032585667751
K11355,0.058787270927017306,-0.08677817730794765,0.0012187276499851414,-0.04323742341734433,-0.019926814398958936,0.07244899973046318,-0.007293536816573735
K11521,0.07003586089765788,-0.05531589211111851,-0.04535685666057952,-0.035867304659325715,-0.01985895727726302,0.06382722042964725,-0.019685179504153678
K11523,0.057003210163066344,-0.04496250910095654,-0.028467227705204167,-0.0522656795212524,-0.011478740050458132,0.045682044022191524,0.004963535973335385
K11603,0.06785363082865058,0.042654201234549646,-0.06774213474928908,-0.08618009227371978,0.07722674716159744,0.053424822721132866,-0.09227656074721871
K11607,0.06330568216895913,0.0478994195112062,-0.06609931485527945,-0.08362300973173953,0.07043074822196134,0.056832861689134734,-0.08967667713950196
K11610,-0.009090040913206261,0.05584432384358869,0.03164477211407591,-0.03499351400427093,0.06321060361775353,-0.021843892634075362,-0.037130565652954375
K11611,-0.006592960774252872,0.07396133170616093,-0.010611590391640842,-0.023703133565066557,0.0370547626157971,-0.018176936799805837,-0.02409988234467132
K11618,0.06329021447073206,-0.03148019988107937,-0.09625439217972485,-0.04967694297739991,-0.023435225975503647,0.06590004951893637,0.007595603415259742
K11624,0.05488973172418659,-0.039650076915756886,-0.10889248241895871,-0.04815004687371384,-0.02603115963789418,0.06254797755664229,0.027481859598110843
K11629,0.06292692321718091,-0.07859511890967841,-0.024281944325119067,-0.03924812217828184,-0.021732721020244008,0.06435165415076985,-0.003237461688998611
K11630,0.07181025498877557,-0.0446906699791411,-0.04186657748786463,-0.030687430613042875,-0.016066746799613913,0.06067020707930648,-0.03430372774892392
K11631,0.07826977785622864,0.026601407887601552,-0.07970697434481976,-0.09307352442186163,0.07572704494438774,0.07177933414059944,-0.09618273332516951
K11633,0.06265737339806676,-0.07570091645600052,-0.0070121358603582006,-0.04029538283643375,-0.02361081162397799,0.06259912054508952,-0.005853573401163404
K11634,0.06658209994716587,-0.040790049788497304,-0.03594442673809739,-0.02878584954123498,-0.01144185090143531,0.05146715910210952,-0.03237031755344812
K11635,0.07373853281496802,0.0318796450449517,-0.0716932445759413,-0.08744877927215382,0.07414245282039685,0.06179460400187072,-0.09356648333532477
K11692,0.03544951979485422,-0.011119525675471158,-0.04122902022110815,-0.021356804667642563,-0.010654202258536524,0.02351610379039577,-0.0018291557519390731
K11706,0.08136821707982628,0.0279811226400798,-0.07761221034409674,-0.09240090331814589,0.07298147523080482,0.06764545928309705,-0.09549885372682042
K11710,0.06461061424935834,0.038879748487725574,-0.054978600489809994,-0.08157797161588604,0.08029848697538415,0.03644032722166144,-0.08604608692934598
K11712,0.05380335806267589,-0.03705244071177279,-0.06702392649173644,-0.04840946292224659,-0.019486511734973313,0.06088221535901337,0.008884298857976695
K11921,-0.010679753655088957,0.022649397197172894,-0.007516775991058357,-0.028798137057063196,0.05499572839456071,0.010244858543564996,-0.029280167236782534
K11953,0.08157054715820639,0.03760771163710702,-0.08149068751316468,-0.09567584728191916,0.07554914578854686,0.06831099959574351,-0.0988286144943439
K11957,0.049193719141035694,0.04900158345635618,-0.021116905760757334,-0.06867552551765495,0.07154879353381957,0.011717055855988279,-0.07292767656928692
K11958,0.08250521275825456,0.025483553517009528,-0.08140416652846569,-0.09361848666075234,0.07428021061382828,0.07105301713059366,-0.09673681727375387
K11963,0.08073926200065258,0.044136629192883574,-0.08398555570786305,-0.09647694038747383,0.07642630387712594,0.06724331543776023,-0.09964311648995548
K12053,0.005994826253438424,-0.03006500167296948,-0.044944143232427465,-0.02355730959273243,0.00019361752536499544,0.006455560447276444,0.04254367392323573
K12063,0.002957158418699965,-0.02895202380579057,-0.03693357617256205,-0.018437376194874164,0.01722064165327975,-0.009589069590305163,0.03315277861063229
K12238,0.05065454763482466,-0.045913033134170465,5.480381574447448e-05,-0.026366930312644365,-0.020325347946751664,0.06043491226822566,-0.02680826636615599
K12420,-0.008006918697197794,0.05798538587604982,0.034895458287329074,-0.033949730494084396,0.05653229294857196,-0.02045275456227942,-0.03606931104205024
K12422,0.04142680827831877,-0.04385537598941037,0.009265535544637082,-0.02137981879869138,-0.017604399177712907,0.050313876647419084,-0.02173767937409872
K12424,0.05210437490845489,-0.04779221234598083,0.0035225021976335617,-0.027283044018942874,-0.02043655047249682,0.06089070833960167,-0.027739714205131744
K12429,0.04888672768980618,-0.05283460663018927,0.008274297362145579,-0.025757259869949457,-0.01967521814135322,0.06124747134374697,-0.026188391112209598
K12453,0.0357054601909406,-0.03855711247344111,-0.033256558853919656,-0.018796876311857093,-0.00013302775659265208,0.04369571419198116,-0.019111502971519593
K12466,-0.008170229548639002,0.058980651547051934,0.029851647520777222,-0.031006325478419198,0.046581050107920303,-0.0161730698954692,-0.0315253168497424
K12507,0.051984027995565056,-0.048030108127365405,0.003161314845049875,-0.027399019964519156,-0.01969451595369887,0.060736137442735455,-0.027857631384121093
K12508,0.04589679593086749,-0.046882140934794696,0.01099090184076995,-0.022855389002311884,-0.01917789217024035,0.05170081584935109,-0.02323794802849159
K12677,-0.009023726381504473,0.05834797387184243,0.0354459606859708,-0.03377296617560042,0.059317908636232625,-0.023570721603847593,-0.0358895879996725
K12701,0.05000476284567615,-0.0448249325653249,0.008027600699643917,-0.025836473271247926,-0.020625395294618747,0.05611156340811306,-0.02626893040656804
K12703,-0.007502423499986142,0.06715480748485511,0.02376800114520659,-0.03346355842593275,0.05618502175808189,-0.023158347873020516,-0.0355750013082947
K12709,0.04901805891660282,-0.046775399731998395,0.005066286849805762,-0.02678734038059264,-0.019907950613675694,0.06155137426975566,-0.027235713359451463
K12719,0.04951239088021004,-0.051597826807669486,0.010152049154232682,-0.025154320597333586,-0.018166559265902413,0.05534394779150574,-0.025575359696294216
K12911,0.04818952835103112,-0.039977418950926415,-0.03541295159646724,-0.019489286180480174,-0.017319819631077135,0.05283354847160384,-0.019815502563906764
K12912,0.04825600180150112,-0.03510089201401044,-0.05329223656711933,-0.017111943382110913,-0.01738183081610401,0.05097169959276937,-0.017398367227079835
K12913,0.04928477379878514,-0.03543982955200459,-0.053806831451176734,-0.017277177928227656,-0.017558030769044386,0.050751477616051366,-0.017566367508973262
K13041,0.041119072059119764,-0.024165101062048475,-0.07274072493596442,-0.04365257275520119,-0.016249731493015878,0.052487883490499584,0.015272132754520228
K13070,-0.008614317580599221,0.061529835557552176,0.03395607137352576,-0.03222178516875192,0.051449253842731454,-0.019826554355591934,-0.034312442950149055
K13237,-0.006397343121939117,0.054576662552050466,0.009821386595830761,-0.02120133704732158,0.03193122260054852,-0.01484258216615237,-0.021556210152028337
K13313,0.031042794883289832,-0.033538660350969834,-0.019316471318142694,-0.016350343940221473,0.004207276929941699,0.02851185721410983,-0.016624019949623092
K13584,0.06198339654550102,-0.03564516095703211,-0.028133154232300846,-0.02780346117283178,-0.013095765440655441,0.048102898377682377,-0.02982016397910009
K13589,0.0485362288555096,-0.03296524462469397,-0.01072048171966265,-0.036923164895027824,-0.0071335762072491345,0.049005763827497835,-0.020758712983724493
K13631,0.004937413155187595,0.006596615308317301,-0.03282546427180365,-0.020688032456657422,0.03940424696677886,0.009316432042932546,-0.02103431374503945
K13632,0.00621900220999683,0.009129996699552983,-0.041620693138227395,-0.019452990369555622,0.03985554281446884,0.005932142932598567,-0.019778599224924812
K13634,-0.009445041853118568,0.019290516098206867,-0.012850529536311642,-0.026451627830843632,0.04710947499161437,0.01672580445894703,-0.02689438157188965
K13635,-0.008274366747172426,0.006578417470295893,0.005071578722606603,-0.020696904036723675,0.03333483807472636,0.017688497431119547,-0.021043333819757468
K13774,-0.008728841255768572,0.05893088809640463,0.03633097531013785,-0.03348879119784333,0.0561581144718776,-0.02151519985253897,-0.035600656432441286
K13794,-0.005500882350522265,0.004943214945053583,0.00890969684460535,-0.021494077311381834,0.02988764143168582,0.019979593277086195,-0.021853850373395427
K13938,-0.008273768909901578,0.06220301520271065,0.016015796252036807,-0.033419387963730084,0.056127747476529974,-0.017712383363273795,-0.03397876975826586
K14057,-0.01195735460557241,0.0364682205684766,-0.011351135293535439,-0.030029335886709252,0.059742772484765554,0.001896824881624717,-0.030531974170069063
K14060,0.01318964051408318,-0.09440084066982632,0.05378975063039041,0.004244962572368074,-0.001926223910885803,0.02781249204220344,-0.007389411982648099
K14189,-0.008482006354732036,0.061791381796735226,0.021711608900264866,-0.0320942794508084,0.05764516975164184,-0.023010172477011873,-0.03418280301067538
K14373,-0.011247223191655588,0.07187870594554227,0.005188780827014772,-0.023192646132235435,0.035106382559358655,-0.014499772794059828,-0.025132172001736362
K14466,0.04993876615151075,-0.042582828776254196,-0.0012098629360581484,-0.02474343116052093,-0.022056936799073935,0.05756835255976078,-0.025157592692759825
K14582,-0.007212540531668353,0.06192823582151021,0.03456094606180377,-0.03202756210577259,0.05165636606811751,-0.022921252659997438,-0.03411496893459011
K14633,-0.009199244593421108,0.06380061608767265,0.031317028034879596,-0.035098751436367925,0.05963555459354488,-0.021984151410861377,-0.0372375645746299
K14730,-0.007852236877250769,0.0677814042548811,0.030806012932915978,-0.030699882214815594,0.041713588135278964,-0.01744142504236654,-0.031213744264713038
K14746,-0.007657842271505659,0.05867542276240507,0.02330155549006684,-0.03361333242972278,0.05602530835044588,-0.016650852853394616,-0.03572728226556652
K14760,0.04704009160332086,-0.04462213101164129,-0.004540154320328465,-0.02175361751933721,-0.019734418059338815,0.053169239369580124,-0.022117734828092782
K14979,0.06280757905727388,-0.03348872186059859,-0.08689639383065005,-0.048197906564877,-0.023693826638240458,0.05816737984020864,0.010650718048749612
K14981,0.06743551265130145,-0.03330346820199901,-0.036985313134935104,-0.029120074378420475,-0.0161267904865455,0.052698487409315486,-0.03271013672675391
K14983,0.07557086537798083,-0.05860994761940162,-0.0629996426120243,-0.03747318098100928,-0.020705696912088303,0.0717476011398667,-0.021317935371913937
K14989,0.051003055117567433,-0.020180402820768224,-0.09806071238717505,-0.045693991515270746,-0.025352279775791565,0.0648581137350889,0.0131965442337523
K15090,-0.007705415739900426,0.06807163296416013,0.031246655211388395,-0.029032610751348692,0.041864466333130845,-0.02060640695636291,-0.03106988736039669
K15237,-0.010731876112843987,0.06446163965151042,0.032086529933445136,-0.03079250907960782,0.049510552765023114,-0.019598415759651305,-0.03285924329231183
K15238,-0.006604982729498729,0.06075666304867008,0.03910297411391796,-0.03259871246140631,0.051913019584475945,-0.023682472775747185,-0.034695679342946255
K15373,-0.007407570812486266,0.06154270967933735,0.027654838951409366,-0.0337412917696604,0.0566501882108789,-0.023171745212720345,-0.03430606166791682
K15496,0.005953834893914354,0.010978389926449228,-0.0008896819197059928,-0.018551885057647852,0.045144982580178725,-0.02137210181335161,-0.01886241099447324
K15497,0.051210506026471786,0.04112545345979064,-0.05835802375511558,-0.07556676256049476,0.06832001821778097,0.04851904931290587,-0.07683161729973248
K15555,0.05256041413092071,0.05618393454451833,-0.0469663958008839,-0.08661980179685813,0.08174334694121217,0.04684519591914356,-0.08962098673074656
K15558,0.06887168136399244,0.04229407004476111,-0.06828890708070871,-0.08940722454138049,0.07097958091387795,0.06492827534200236,-0.09245506603099797
K15573,-0.006883479417643456,0.0696963957348569,0.014751129500234201,-0.029766309764021726,0.04357482189173757,-0.017873952376579894,-0.03026454545255609
K15578,0.07593947628250647,0.04071186788130249,-0.08309855379240814,-0.09416254825012542,0.07543145751809237,0.07032790049194947,-0.09728998549753125
K15579,0.08042142824803251,0.03770875339371661,-0.08133727998169095,-0.09562658868137869,0.0764673802602852,0.0683766506755953,-0.0987785313914398
K15587,0.0758204272062236,0.0394220652582345,-0.08529091082929113,-0.09080734802771749,0.07294936923915901,0.06641576872953014,-0.09387862512271497
K15600,0.08097463583147772,0.03405718105042121,-0.08056053298688731,-0.09740675709331569,0.08322614449288483,0.06600407051133161,-0.10058849669259351
K15646,0.0493323472671799,-0.04483603975375966,-0.02382725915121147,-0.02185789960660175,-0.01638279283069352,0.05470703171901965,-0.022223762414143092
K15653,0.05050004832189258,-0.035410098189022646,-0.05376169154906644,-0.017262683669796365,-0.017542574632821547,0.04909401747548961,-0.017551630642140506
K15656,0.04825600180150112,-0.03510089201401044,-0.05329223656711933,-0.017111943382110913,-0.01738183081610401,0.05097169959276937,-0.017398367227079835
K15856,0.03741360992228011,-0.044670778253109084,-0.02989712810139398,-0.02177733340784969,0.009674328114616841,0.03972340834778487,-0.02214184767888026
K15868,0.04903616430483703,-0.04436704713663847,0.00240201058977869,-0.02561325075234304,-0.018655945254583323,0.056409070833264165,-0.026041971535179936
K15869,-0.007886253946771568,0.06296903547475884,0.017178813235676615,-0.03152016460911061,0.054794556636785965,-0.02056822348353772,-0.033599078495970804
K15890,-0.008903220549846432,0.060958746561889245,0.02676823183643646,-0.03250019526032538,0.05807802322094065,-0.02355117061604362,-0.034595513137138094
K15944,-0.008301803822933695,0.057402471651487624,0.03401044366316203,-0.034233905471841485,0.059692087112926985,-0.022508276313588045,-0.03635824260928145
K16102,0.0500720573764485,-0.048118943196079,0.0027923373106177214,-0.023458339213990723,-0.0180894418949068,0.05089721339091221,-0.02385099056657062
K16109,0.04928477379878514,-0.03543982955200459,-0.053806831451176734,-0.017277177928227656,-0.017558030769044386,0.050751477616051366,-0.017566367508973262
K16126,0.052809489915398404,-0.052197974003378944,-0.00972146558987641,-0.025446896775449337,-0.020209965459638064,0.06333789620079958,-0.0258728330852066
K16132,0.04928477379878514,-0.03543982955200459,-0.053806831451176734,-0.017277177928227656,-0.017558030769044386,0.050751477616051366,-0.017566367508973262
K16202,0.05050574959308125,0.06424880797008878,-0.054152372962137735,-0.07472013960081321,0.07625285686618449,0.02246220796536037,-0.07752214511224131
K16269,-0.008801750030785087,0.06484998161991963,0.03876280928296047,-0.02814498383907441,0.04270662252966352,-0.02577374210113555,-0.02861608138233787
K16416,0.05134231779335319,-0.03611770462799288,-0.054836021219291535,-0.017607647020461147,-0.017910430674925135,0.05031103366261538,-0.017902368072760116
K16432,0.049764069019896495,-0.04530072412809404,0.007305225994476553,-0.026068425162400488,-0.01914132625702284,0.055802421614380635,-0.02650476476454673
K16652,-0.011861984425751369,0.05194659252452106,0.02502469867773287,-0.026467504057563086,0.05055537293037859,-0.02186124585348496,-0.026910523538729848
K16784,0.05809253537073488,0.03785794873897465,-0.056529956903000916,-0.08360188934926648,0.08323012226077313,0.04583708808715796,-0.08655255973505732
K16876,0.05241122434716814,-0.04718564766362017,0.004443424336384946,-0.026987339268818553,-0.02098692890213156,0.05960804107262413,-0.02743905987741621
K16907,0.08282304651087463,0.031911429316176486,-0.08405244225463779,-0.09446883836684748,0.07423913423066902,0.06991968189275859,-0.09760140237226954
K16917,0.05829631930627555,-0.06033238516018037,-0.07263783589756717,-0.02941248212599934,-0.008855992775416167,0.08488107280228817,-0.029904795361994235
K16920,0.07224033747910204,0.03129064991520607,-0.07258749158763425,-0.08773591873597494,0.07989620658324932,0.05805835337283771,-0.0938584290089044
K16921,0.0833493816873732,-0.011072357743190422,-0.08165721116713832,-0.08355184313619239,0.06164081620958341,0.08279290175646549,-0.08650167583637063
K16960,0.07584536988527063,0.028926647299199124,-0.08249743792365177,-0.09193995308284185,0.07433872229631415,0.0732901400035176,-0.09503018799504781
K16963,0.08184346365612871,0.026548003628056618,-0.08610883449957954,-0.09309955939172312,0.07569928222422898,0.07006785728876724,-0.09620920407465024
K17063,0.07375049712794537,0.03190329550275017,-0.07165733706135695,-0.08743724949978658,0.07675186855511713,0.058456414983584566,-0.09355476057484044
K17076,0.07882330327721022,0.02769558936163058,-0.08436650241382332,-0.09254010289440114,0.07716157269101126,0.06913671415821124,-0.09564038325923312
K17240,0.007035882516347368,0.04844215116014835,-0.023604989137625376,-0.04411189903688476,0.06983115396336359,-0.00010441286924388343,-0.04485025466656935
K17246,0.010221333549314756,-0.004047840924624556,0.013753077747612839,-0.017909306267193847,0.041501669926403244,-0.020515683015003852,-0.018209076564887697
K17314,0.07253146329845502,0.02606653505786525,-0.07443237394424389,-0.08935029036499151,0.07623453502621419,0.06668093416516212,-0.09239717887660133
K17324,0.004126382573018895,0.0429544147166172,-0.007121884178232335,-0.03881923396978282,0.06248945037415313,-0.004787877997629236,-0.039468999692126035
K17325,0.01648054220766622,-0.007492034206275351,-0.01605690479182028,-0.031540341361634236,0.04774300937829607,0.014973981521917597,-0.032068271219903625
K17331,0.008349974243033721,-0.0077470507649846304,0.008136720025273558,-0.019712698309809824,0.051698497100411356,-0.021242437407287117,-0.020042654219464755
K17644,-0.003393804889418317,0.03230677217911426,0.019787175454613618,-0.024090095624816024,0.04356777622662165,-0.015339117966775357,-0.024493321468921036
K17737,-0.014729909077860119,0.034414608130375404,-0.020555726111136555,-0.03348869274627663,0.07174094435171081,0.006990154945045454,-0.03560055633296846
K17738,-0.008630966213458277,0.06044245302917112,0.038391819087564415,-0.028767903659318566,0.04214674009642571,-0.01857683169371582,-0.0308007495370699
K17739,-0.008127265610087624,0.05774749009466525,0.034534270934745384,-0.03406570643966068,0.057274327467369913,-0.020607325459145637,-0.03618722822103959
K17742,-0.006501946611002123,0.07045059077800585,0.009575414056367365,-0.027872851295585872,0.043101190531127445,-0.019060697987700746,-0.0298907155705032
K17745,-0.006570965659977934,0.06556903182879234,0.014805501789870442,-0.03177843006711129,0.051817655161933096,-0.020555674334576012,-0.032310345111688496
K17746,-0.009757295415516194,0.06401557945172323,0.04405085247081703,-0.03100996671232908,0.046681543245853815,-0.02156501769394548,-0.033080340783457764
K17747,-0.01226154783058861,0.058010825705963213,0.04102075828829354,-0.03147912271891651,0.05300253228561639,-0.021833540116107296,-0.0320060278847451
K17754,-0.00872900017453677,0.05655801118774241,0.032728334171826974,-0.034645586167542076,0.06098450006135968,-0.021380179943476713,-0.03677681411598633
K17850,-0.01767585350646357,0.06154347259733086,-0.03578589235752493,-0.029756931340704677,0.07215315166605372,-0.012831119389596603,-0.03025501005092242
K18000,0.050347698196111415,-0.046519597816531116,-0.0008661183230069003,-0.026662635062768683,-0.01977496951711693,0.061717579535203196,-0.02710892069387152
K18009,-0.010425344511667132,0.06032245051654663,0.03844372713600371,-0.032810394268880994,0.054284410821364495,-0.02061104320850433,-0.034910904331686386
K18072,0.04345307554579297,-0.03405035393696246,-0.007217694330208331,-0.020583786832936102,-0.0029042293821204645,0.02789992538927479,-0.02092832323286796
K18073,0.07145577738884473,-0.05725419746742505,-0.06094126307579472,-0.036812242796542306,-0.020000897100326813,0.07262848904673866,-0.020645934244340237
K18135,0.013628762111316053,-0.026837431442709763,-0.03372307780655626,-0.02503541099396161,0.01572281210238466,0.03538109432703997,-0.005569335480213899
K18143,0.05438424016323799,-0.05303935744846067,-0.010296594629555006,-0.03323169441403523,-0.013481237112135967,0.028417267896298427,0.0013283487456244236
K18144,0.07092379853219494,-0.03247121442614978,-0.04812919098107056,-0.03269833303378878,-0.015613977272520542,0.061343664011175615,-0.03634828914050359
K18232,0.052092481601735664,0.05183191372813281,-0.06012877108608887,-0.0847574554975586,0.07766933495636866,0.056034412896765556,-0.08772746802888598
K18255,-0.008672791234170894,0.05825083073121215,0.02827538485098601,-0.02339414149979164,0.0330557255287269,-0.01776511708653026,-0.023785718295512126
K18257,-0.007573581270337838,0.06121454847735651,0.03347738400405273,-0.032375489942501424,0.05388246962451137,-0.02338496535059608,-0.034468720471558155
K18325,0.006777529788396519,0.016033664061489074,-0.04354659415923216,-0.02007139018449821,0.038330397393713675,0.005107949488495913,-0.020407349965461806
K18333,-0.007766224871418134,0.05846117743881897,0.03561783299249645,-0.033717778602931826,0.055048223910976066,-0.020143612768546988,-0.035833476684071545
K18335,-0.00848830634875711,0.05703380275051155,0.03345070887699435,-0.034413634276389514,0.059500431023763775,-0.02107103814974428,-0.03654097975800763
K18337,-0.004667886924320201,0.07064903348232737,-0.0029989588248056104,-0.02531790334494231,0.035332832390488046,-0.015298742722759627,-0.025741680531476886
K18344,0.07226136895897277,-0.05935239737988779,-0.07021354921665592,-0.04181911920835615,-0.02274292241876035,0.06763218160547312,-0.005851492688874819
K18345,0.05199757392866402,-0.039567552478301384,-0.028469889566292986,-0.0192894732563247,-0.011046798016179603,0.03633207738278325,-0.01961234512272402
K18349,0.06965335271006069,-0.026810407791916943,-0.05194207618168838,-0.033922636607411294,-0.016053821970229077,0.0647422652415898,-0.037593085403304395
K18350,0.051620337725193324,-0.05217606804016636,-0.003367427999253609,-0.023910434626941986,-0.0080786802927047,0.04490757299063485,-0.025861975013785416
K18351,0.044536038843033234,-0.034282168813163545,-0.007569649295266056,-0.02069679829244832,-0.004756154461819954,0.029426083370132982,-0.02104322630550887
K18352,0.06532979356728758,-0.03746594877452905,-0.043305035701779473,-0.031149314315053425,-0.01655928234058174,0.06676172725402062,-0.03477334257199444
K18535,-0.008127265610087624,0.05774749009466525,0.034534270934745384,-0.03406570643966068,0.057274327467369913,-0.020607325459145637,-0.03618722822103959
K18567,0.02821176297365026,-0.0465162095630894,-0.05119310052556297,-0.030644971765075506,0.038309314835072106,0.04970287304497295,-0.031157914710591154
K18609,-0.008247612522977454,0.05750959431328068,0.0341730835821617,-0.03418168238523696,0.05801636198616787,-0.020761896356011854,-0.03630514540002894
K18660,0.05075776915855083,-0.05388115060715365,0.006685372807863081,-0.026267457766730985,-0.02021927413639718,0.06224426555415475,-0.026707128824722634
K18687,0.05004683091388684,-0.04711433726999254,0.004551691965748362,-0.026952574926709383,-0.020084150566616072,0.061331152293037663,-0.02740371364134489
K18688,0.050498114810212824,-0.04384969898198816,0.009508257624562998,-0.025361039716575568,-0.020984117635090272,0.053391657977291763,-0.025785538930126323
K18941,0.07541078670916086,-0.03440990124145306,-0.057159294965820666,-0.037627445635890655,-0.019138785105248607,0.07824911109109542,-0.04135990642090253
K18986,0.05089682308072593,-0.03699833638013576,-0.04353149074544431,-0.018036961485664575,-0.011442580088560531,0.03967818302029204,-0.018338868507264544
K18987,0.06667060119001246,-0.05405962728144926,-0.07435110619575694,-0.04720683180465793,-0.023293936414614157,0.062128301750782475,0.008555738153983397
K19077,0.06185999646597364,-0.06884135272442826,-0.041077096782733705,-0.036018872154579926,-0.020124959211131544,0.053921307780523654,0.0015971620541906028
K19078,0.06664187438679019,-0.04673510661182668,-0.05737801572878462,-0.03566809702998775,-0.021377943573546002,0.06912305476514514,-0.019482637489359425
K19079,0.07278189858710625,0.03236118093143657,-0.07728292717122223,-0.08721402698088171,0.07872131859515254,0.05875392240873564,-0.09332780170345237
K19081,0.061026707917565384,-0.07892433473359145,-0.011906118877530101,-0.041866822987897165,-0.01489805348756578,0.0621815079465387,-0.007451316697761763
K19082,0.06910835042595889,-0.05134975072809188,-0.05806346088384816,-0.037917770024468986,-0.019448376197469735,0.07283183778715159,-0.02176996605425797
K19083,0.07941307352868202,0.028861417810754953,-0.08259647316548925,-0.09197175293888697,0.07084198436230119,0.07324775766082847,-0.0950625201247707
K19229,0.033042419668843755,0.038954800425980936,-0.030986155028974713,-0.059163235068423844,0.07379660658101235,0.01301420161375159,-0.06170484535106457
K19230,0.0716582689914587,0.03725773422697166,-0.06984869226673585,-0.08787848684538598,0.07174406279730847,0.06025864121319197,-0.09090073995389103
K19242,-0.0122974067154989,0.05319481611694333,-0.023178198460641362,-0.033826962864463725,0.060887366445865544,0.0052192972967396055,-0.034393166746215086
K19309,0.07593979412004287,0.04545762169862695,-0.08853482885621529,-0.09184895831072791,0.07010722103211625,0.07005786067382497,-0.09493767013044116
K19336,-0.00872900017453677,0.05655801118774241,0.032728334171826974,-0.034645586167542076,0.06098450006135968,-0.021380179943476713,-0.03677681411598633
K19338,-0.011938269218267624,0.03307891250482868,0.0022312511663742578,-0.02769766002987296,0.05876635683911468,-0.006732999602295406,-0.028161270159082003
K19340,0.08076296182866441,0.033638754427844086,-0.08119581286944585,-0.09455917749342148,0.08127720749433985,0.06573220113244636,-0.10079589712088682
K19548,-0.008958550767641448,0.06427640765044179,0.03203940274004697,-0.03486679954521536,0.05815148555594897,-0.021675009617128944,-0.0370017302166512
K19550,-0.008227036326275737,0.05069619810098711,0.023360379312187905,-0.029535286219163237,0.05171691523874946,-0.01624603125655894,-0.03158097673170822
K19576,0.04390228042689166,-0.07244148278951316,-0.07159203753608129,-0.0432837334079205,0.030026052766429952,0.07310080100379306,-0.02412310272608492
K19577,0.020768879172541874,-0.04356651973392528,-0.05280138387788713,-0.033190964749101264,0.037325776818037504,0.053016725494818985,-0.023803961003140625
K19578,0.0335452319694341,-0.04757246952508863,-0.05958576095681438,-0.023191929274492065,0.015091511388082434,0.05628261389723461,-0.023580121393102726
K19609,0.04622057778595443,-0.035697381691104015,-0.00971830863571625,-0.02138672499377789,-0.0054918665460271295,0.03186011574438451,-0.02174470116674809
K19610,0.07343734479699242,-0.03356577735917557,-0.062198475162459826,-0.03721592902613456,-0.011774303642832253,0.07209046245639218,-0.04094150174665237
K19622,0.0530680069633356,-0.05695931208518215,-0.028655554498047242,-0.03760090684142371,-0.005050422080026107,0.030621179062951472,0.005277243769972307
K19630,-0.009222034301537037,0.06032853142173011,0.03845295952352966,-0.032807429782816935,0.05169045122286705,-0.018930314330779924,-0.03490789022533795
K19650,-0.007103999012987674,0.06451535805375855,0.038488867038113994,-0.030766320962864784,0.04347853022511719,-0.01956351265390732,-0.03283261683254004
K19958,-0.00745937543270489,0.059067742121179614,0.03653875513124781,-0.033422073852807516,0.05449784548134132,-0.021426280035524537,-0.03553282235635602
K19960,-0.009319114750006335,0.07068135103227476,0.04176376409722858,-0.03174434247284795,0.045898432343896595,-0.02254378203491435,-0.03382700870298411
K19973,0.07515335810914324,0.02993127566405008,-0.07465137344416768,-0.0914501893556827,0.07832381580992646,0.06388222216754265,-0.09453222648422806
K19997,0.03282245427653921,-0.03371137152143928,-0.0319861459913075,-0.02041853040869342,0.005063356348215349,0.041534399387353024,-0.020760300706647236
K20034,0.04853796910165045,-0.04877888969922007,0.0017903677551716955,-0.023780067994913567,-0.02016393533621518,0.05717552981673766,-0.024178104521603228
K20264,0.0511074903491707,-0.02234652322414598,-0.08870788631099989,-0.045224208335739875,-0.020418409819966246,0.05674358275429246,0.01212286900575542
K20423,0.051383432348954684,-0.05264437078463386,0.008563124599950194,-0.02566451849411511,-0.018710615260946376,0.0563407420019135,-0.02609409740880725
K20425,-0.009212297749529105,0.06509290368455548,0.02040339473715781,-0.03201054604420836,0.05763008391739001,-0.025895368392900336,-0.0325463463021219
K20458,0.051984027995565056,-0.048030108127365405,0.003161314845049875,-0.027399019964519156,-0.01969451595369887,0.060736137442735455,-0.027857631384121093
K20459,0.0767950079035514,0.03897600505844732,-0.08596814563234818,-0.09102480566043876,0.07444889441297779,0.06444916679523595,-0.0940997226138609
K20487,0.05252293957186705,-0.05039184967978208,-0.019620858865519387,-0.023040615035119873,-0.007151137144207257,0.04606685471713147,-0.0249775961713653
K20488,0.07535214018001474,-0.04744311694855815,-0.07086041304703866,-0.03999724578460077,-0.01820302378154145,0.07173712340441919,-0.02388424858235506
K20490,0.08184330473736051,0.02417512671939439,-0.08971147563789043,-0.09425635436142188,0.08052566781371104,0.07020287719782947,-0.09738536175819529
K20576,-0.012529556765597707,0.055372094315331126,0.01758393941742326,-0.024797546705018752,0.04800761843043109,-0.021312331095230577,-0.025212614036323334
K20900,-0.008006918697197794,0.05798538587604982,0.034895458287329074,-0.033949730494084396,0.05653229294857196,-0.02045275456227942,-0.03606931104205024
K21182,0.04928477379878514,-0.03543982955200459,-0.053806831451176734,-0.017277177928227656,-0.017558030769044386,0.050751477616051366,-0.017566367508973262
K21183,0.049952505057399677,-0.036492454434152444,-0.05540498839298518,-0.017790340311073245,-0.015508127165590904,0.05006754294873473,-0.01808811932783473
K21186,0.04935092941171873,-0.03530905643241307,-0.053608284017592725,-0.0172134250692559,-0.01662434016108322,0.049159668555341395,-0.01750154753923643
K21191,0.04700270785499188,-0.04126899423639103,0.007105656525373055,-0.024102927145676335,-0.01791109946874409,0.05003811684106558,-0.024506367766879398
K21211,0.0363188412308307,-0.04208973692604424,-0.02597843951260971,-0.020519056751005956,0.004090451870113973,0.041400419476150585,-0.020862509683178623
K21225,0.04252771804502507,-0.044051715178913764,0.015288220521670339,-0.02147553559965275,-0.017706468001826,0.046832751100848044,-0.02183499830601315
K21284,0.05210437490845489,-0.04779221234598083,0.0035225021976335617,-0.027283044018942874,-0.02043655047249682,0.06089070833960167,-0.027739714205131744
K21332,0.028323342867827714,-0.03416921207259668,-0.013953033319023691,-0.016657742548657532,0.0064765993427171546,0.028102161234781632,-0.016936563870277657
K21528,0.018705689382711454,-0.08613317094219795,0.054168861055039125,0.004884883946341172,-0.006990656169988747,0.02591830748125387,-0.011392744705879107
K21603,0.060728440633920515,-0.03575333251171109,-0.028297386642106393,-0.02633041277234421,-0.013151999468189603,0.04803261476809153,-0.029873781090342673
K21620,-0.00872900017453677,0.05655801118774241,0.032728334171826974,-0.034645586167542076,0.06098450006135968,-0.021380179943476713,-0.03677681411598633
K21645,-0.016139990638753956,0.019237179154955496,-0.0005240543905876802,-0.022493641482701377,0.04786729615520848,0.008586722890374666,-0.02287014549144904
K21698,-0.015825766612440187,0.03831158751212154,-0.027514763305489735,-0.029130680924906102,0.06676101316577336,0.001417760073086038,-0.02961827730427451
K21699,-0.013853592266637155,0.026129380308224596,-0.009022245667200344,-0.01913364265800526,0.04885315268104779,-0.005379680518093404,-0.019453906194179447
K21702,-0.007585704502083392,0.05881802111089582,0.0298388353511575,-0.03354381468456741,0.05609943947927316,-0.01991175642324767,-0.03565660091558752
K21703,-0.015370778395303056,0.0484376185297164,-0.017993400914376963,-0.03216214322515956,0.06612549572765176,-0.0009457468388211838,-0.03270048095333494
K21755,-0.0052315755789062,0.006530039494002265,0.00523223135031841,-0.024704477157295394,0.04031550187511593,0.01570082339065635,-0.025117986668011565
K21757,-0.013355764975695099,0.027904314749146047,-0.01194590584389642,-0.02869453171764448,0.062136240784315656,0.0049958472733735975,-0.030726149478099152
K21780,0.05252558910356929,-0.04695957711113483,-0.001534120738538014,-0.02687712820942589,-0.020869403941795626,0.06143170647863343,-0.027327004078669025
K21837,-0.008794679031165755,0.06354586879413757,0.03069615281274669,-0.03123895411741758,0.04990018737794033,-0.020193430609953496,-0.03331316103508802
K21883,-0.00872900017453677,0.05655801118774241,0.032728334171826974,-0.034645586167542076,0.06098450006135968,-0.021380179943476713,-0.03677681411598633
K21886,0.036522126146509015,-0.043005983858480853,0.010789235496557262,-0.021898156719531936,-0.020545504178649702,0.02543463160318973,0.004460349548267472
K21900,-0.01374657182759496,0.04453058085242142,-0.017604516399215415,-0.03406685286897602,0.06842291914583161,0.0015460199960594851,-0.034637072087613886
K21959,-0.014882235615394548,0.04123118491818379,-0.016527177402182992,-0.0316913441868309,0.057970468864546584,0.011419171640998127,-0.03222180156689184
K21960,-0.007721746535223079,0.0226970404232838,0.004963013180761987,-0.023265139302517834,0.03589478548682512,0.012232055185925314,-0.02520587858022744
K22041,0.015940103162479884,-0.03044064824847605,-0.03942779617752954,-0.022808017224389847,0.018098021685379082,0.02828906219255939,-0.003304659055277144
K22090,-0.005226975387754362,0.0634806393056934,0.030597117570909226,-0.03127075397346269,0.0464034494439274,-0.020235812952642623,-0.033345493164810905
K22106,0.02745025278677679,-0.041958309002506425,-0.03186557367370503,-0.024438973171102458,0.006836054811296771,0.03617601717717215,-0.0049629143368929264
K22133,0.04822998074509843,-0.04596067063123511,0.0063032564390305265,-0.026390153943323332,-0.021215819698331227,0.06208073804020608,-0.026831878719579344
K22149,0.036414438437463455,-0.03372860449258654,-0.00040841674953378767,-0.020426931609052085,-0.017453982781827537,0.051583869547955484,-0.020768842528328408
K22185,-0.009078897680531278,0.06403851186905722,0.031678215387463286,-0.034982775490791644,0.05889352007474692,-0.02182958051399516,-0.03711964739564055
K22215,-0.00872900017453677,0.05655801118774241,0.032728334171826974,-0.034645586167542076,0.06098450006135968,-0.021380179943476713,-0.03677681411598633
K22251,-0.007700069258484544,0.05859195055841049,0.03581638042608046,-0.03365402574396007,0.05598191451893723,-0.021735421829256963,-0.035768656714334705
K22319,0.04975308470598969,-0.051122035244900346,0.010874423859400047,-0.024922368706181024,-0.01965062830349832,0.055653089585238166,-0.02533952533831552
K22322,-0.00848830634875711,0.05703380275051155,0.03345070887699435,-0.034413634276389514,0.059500431023763775,-0.02107103814974428,-0.03654097975800763
K22580,0.0530068254039208,-0.033091006998902106,-0.07505561990219647,-0.024100086635659237,-0.02569943290225652,0.08190068192620403,-0.024503479711718967
K22605,-0.0088493470874266,0.05632011540635783,0.032367146819243284,-0.03476156211311836,0.06172653458015762,-0.02153475084034293,-0.036894731294975676
K22606,-0.008500270661734458,0.05701015229271309,0.03341480136241001,-0.03442516404875674,0.056891015289043494,-0.017732849131458117,-0.03655270251849195
K22607,-0.007092193618778523,0.06216613160289479,0.034922133414387456,-0.0319115861601963,0.05091433154931956,-0.022766681763131222,-0.03399705175560076
K22676,-0.007638195999166387,0.055550841513455025,0.030496881256124382,-0.024710406129423514,0.03684635168613471,-0.019519413663329075,-0.025124014880708433
K22729,-0.003157886194245056,0.0688888021612093,0.0069701119035897804,-0.026176029078452682,0.03268634525884989,-0.014765661202950506,-0.02661416978095797
K22798,0.036907790402000124,-0.0327533709092498,0.0010722401753852845,-0.01995149805437973,-0.01781270512229906,0.04886396411713418,-0.020285451051886696
K22923,0.044846940710335584,0.01457451608262888,-0.03803656219876929,-0.04468666657600625,0.02853001719756928,0.032665103246702104,-0.045434642803704885
K23058,0.056586804757369005,0.047798781652357895,-0.06648621207915315,-0.07968808292833175,0.07029827260910293,0.055370158157134676,-0.08567588658003
K23060,0.07428354473051031,0.01793076659452094,-0.08093200278996802,-0.08229699475064972,0.06751622641403411,0.06866082052628449,-0.08832846699910797
K23064,0.079057856027733,0.025786678786838255,-0.08094394393404454,-0.09347071085913095,0.07703491402904326,0.071249970370149,-0.09658656796504163
K23108,0.04161961079816726,-0.0387291280422106,-0.0019138296459246906,-0.018880735168562222,-0.019268004360671623,0.04693750415630774,-0.019196765478040282
K23184,0.08087264226518384,0.03280109290974679,-0.0827017027157458,-0.09098355515222822,0.07470163444309035,0.06546740018204564,-0.09716042514857616
K23361,0.02198379059912504,-0.04090132527099648,-0.04290235621112494,-0.022397902986989727,0.017774021276750672,0.030155672541014738,-0.004439001978582517
K23448,0.034029960845280295,-0.03712403057001302,-0.04372232704952961,-0.016572455498893968,-0.007179388734266445,0.04127329207529566,-0.008458608879698978
K23618,0.04458557987712952,-0.03998383643757761,-0.003818801650680578,-0.019492414752488738,-0.019054569700694794,0.04612226732928754,-0.01981868350270991
K23738,-0.00531060071384938,0.07043302122539087,-0.003092818411119957,-0.027881416581889043,0.04222634989089777,-0.014041780091690173,-0.029899424224639082
K23773,-0.008541494061396033,0.020022132015207812,0.0006677071608254969,-0.022110971181989295,0.04740965454291079,-0.0026407052199733847,-0.022481069962736966
K23862,-0.008252641166856938,0.07173503053635477,0.03680864064409141,-0.027246677453228074,0.03424614262139734,-0.01990292130124231,-0.029254060679000826
K23990,-0.0078374091282312,0.07255584054230156,0.025413285280413207,-0.0268465265298947,0.03467284863123243,-0.017692828653067462,-0.028847211932780257
K24110,0.0472626800408663,-0.046554692044232064,-0.013795060695562968,-0.022695755256434247,-0.018141957763039042,0.05862068459980406,-0.02307564229438561
K24408,0.04987343161887953,-0.050884139463515776,0.011235611211983734,-0.024806392760604742,-0.02039266282229627,0.05580766048210438,-0.02522160815932617
K24425,-0.0066884331161391865,0.023685170567170226,0.03151226218877601,-0.02032521290887615,0.03805973031384654,-0.013674897840124794,-0.02066542123595946
K24856,-0.008614476499367418,0.05915695864888996,0.03035343023521489,-0.033378580138450666,0.05627563943221353,-0.019691534446529678,-0.0354886006336941
K24949,0.08098102486509633,0.0330153382333329,-0.08237642287774645,-0.09087910897901917,0.07135018418957212,0.06896016009719802,-0.09705423073007113
K24989,0.08181706422170654,0.0357224515201132,-0.07803222151880153,-0.09659492547428172,0.07803190286129917,0.06708606678939513,-0.09976307643966807
K25106,0.06572737515686809,0.01683444197977051,-0.07697803730426037,-0.07393106123275064,0.06237728263100498,0.05872621408635637,-0.0767198589597024
K25107,0.08189183171836448,0.02901617796961267,-0.08868228586977561,-0.09189630622160347,0.07005673098712165,0.07334831184642424,-0.09498581056209483
K25115,0.08122155977210777,0.03111825288743979,-0.08525668931089,-0.09180395205756536,0.07469250074145826,0.06940432179999267,-0.09799455405563749
K25130,0.07869491027649417,0.035613949113012744,-0.0784310591619038,-0.08961226703587226,0.07096968327828695,0.06561825332955315,-0.0957661840802336
K25141,0.06507654604438572,0.040855251586551226,-0.07070750871375359,-0.0861246706361365,0.07534568082247578,0.05756576600711976,-0.08911756794496382
K25158,0.0832500839437095,0.030383012871259465,-0.08637297390161365,-0.09521395264084564,0.0777731068717184,0.0689266054317095,-0.09835898854910972
K25170,0.07327336043267647,0.05310403460476324,-0.07669149261244924,-0.09210526420239937,0.0750281476269121,0.057978815250575425,-0.09519826613208676
K25254,0.049030341067116553,-0.042005995456875486,-0.01297563803984601,-0.024462220668827906,-0.01829423667194346,0.057943145433344986,-0.02487167523187705
K25285,0.08074614936617348,0.029124012942823935,-0.08219778580751531,-0.09336951870803555,0.07444132473251683,0.0683880431914232,-0.09493236028330695
K25290,0.07862875466356058,0.03548317599342121,-0.07862960659548782,-0.08967601989484401,0.07003599267032577,0.06721006239026313,-0.09583100404997044
K25760,0.05210437490845489,-0.04779221234598083,0.0035225021976335617,-0.027283044018942874,-0.02043655047249682,0.06089070833960167,-0.027739714205131744
K25774,0.04732867673503169,-0.04879679583330277,0.008083960280568046,-0.023788797367161243,-0.021038950951571905,0.057163895448156345,-0.024186980008193824
K25775,0.051075602911170866,-0.04745327480798668,0.004037097081690971,-0.027117809472826125,-0.020260350519556443,0.06111093031631967,-0.027571713923238313
K25776,0.04715413852218562,-0.04914181427648039,0.007560133008984692,-0.023956996399342047,-0.018621191306014837,0.055262944593713934,-0.024357994396435684
K25779,-0.001324640905870685,0.04694171585458115,0.00431623769396096,-0.02093944129447398,0.03307620539526417,-0.016170309527317912,-0.021289930724758925
K25787,-0.010124000473137957,0.06803582069599473,0.018550725581323216,-0.029050069495844037,0.04877150448839351,-0.020629675693525553,-0.03108763833357787
K26005,0.051075602911170866,-0.04745327480798668,0.004037097081690971,-0.027117809472826125,-0.020260350519556443,0.06111093031631967,-0.027571713923238313
K26066,-0.006025720035629113,0.06321981110697486,0.017325452620821368,-0.027413921140576416,0.043590576519808355,-0.020125821029459166,-0.029424103731617475
K26070,-0.005674028132256488,0.07208717877760183,-0.0005813792272802013,-0.0286007854220753,0.04395198661060027,-0.017997337917060822,-0.02907951228242045
K26078,-0.007766224871418134,0.05846117743881897,0.03561783299249645,-0.033717778602931826,0.055048223910976066,-0.020143612768546988,-0.035833476684071545
K26079,-0.008717856941861788,0.06475219921321095,0.03276177744521434,-0.03463484765406279,0.056667416518353074,-0.02136586782339651,-0.0367658958586725
K26602,0.02493651148530922,-0.03374644331037572,-0.038594275625798466,-0.016451639663296023,0.0040992589515088705,0.045144630462633985,-0.01672701118499768
