NCBIFam	Meta	Isolate	log_odds	p	padj
TIGR02666.1	78.0	36.0	-1.6574384134950746	7.655713676579468e-13	9.308904021232136e-13
NF010407.0	107.0	125.0	-2.580890150300264	2.23388582965325e-72	7.61882199625641e-72
NF010398.0	113.0	114.0	-2.4340300771204233	8.504601020896138e-62	2.354904375093023e-61
NF001923.0	80.0	96.0	-2.603662217100253	1.3919154228932535e-56	3.4964582030162863e-56
TIGR02315.1	107.0	229.0	-3.195823760482811	2.2015693220375614e-164	2.6387380874135914e-163
NF010461.0	112.0	35.0	-1.271608311883681	8.011718805550981e-9	9.401163745254927e-9
TIGR01662.1	99.0	105.0	-2.482590163171393	2.065200632079148e-58	5.315040890534985e-58
TIGR00680.1	72.0	116.0	-2.8977013934567064	1.991176170060404e-76	7.525210840903959e-76
TIGR01643.1	1315.0	294.0	-0.9393799506531731	1.9860135370298713e-38	3.273605810546291e-38
TIGR02534.1	87.0	61.0	-2.0687652035651762	8.71587413620918e-28	1.2290114958452946e-27
NF010410.0	90.0	124.0	-2.744251204953884	6.137708795119117e-77	2.351387068084447e-76
TIGR03739.1	112.0	102.0	-2.3311472733768257	1.1179762165162236e-52	2.521457111981483e-52
NF005559.1	1022.0	892.0	-2.3819913275530857	0.0	0.0
TIGR01228.1	55.0	89.0	-2.8972498733239123	4.564225786255839e-59	1.1929549640712302e-58
NF006944.0	30.0	71.0	-3.263487511835071	2.346559724240758e-53	5.364478497651215e-53
TIGR02743.1	362.0	229.0	-1.9807582676432824	1.071715791497674e-93	5.801093864945474e-93
TIGR02039.1	71.0	60.0	-2.2532221113760005	2.0408806585444852e-30	3.0040331096821456e-30
TIGR02761.1	203.0	84.0	-1.545098503727648	2.277618755371856e-25	3.0921070157880047e-25
TIGR01188.1	116.0	108.0	-2.353687048508085	2.5209750987495785e-56	6.276255512910672e-56
TIGR01352.1	321.0	130.0	-1.5256696560068677	1.237453924310212e-37	2.012061710264085e-37
TIGR00975.1	81.0	33.0	-1.5352070543491054	9.2724670993585e-11	1.1050568034604803e-10
TIGR00842.1	47.0	75.0	-2.880663525723448	9.18059964787106e-50	1.8740932127892505e-49
NF041638.1	102.0	100.0	-2.4040555544769275	1.2293755116309275e-53	2.8492984924263763e-53
NF041292.1	282.0	80.0	-1.168201011795622	3.288881171688024e-16	4.0758808021362667e-16
TIGR00971.1	30.0	71.0	-3.263487511835071	2.346559724240758e-53	5.364478497651215e-53
NF041267.1	638.0	23.0	0.8736915652766384	1.1123819066914372e-6	1.2715101086023375e-6
TIGR01879.1	110.0	171.0	-2.870458543953191	1.3409366636092484e-110	9.698671213518615e-110
NF005710.0	51.0	133.0	-3.374937814271321	2.441779974946374e-101	1.5063627933676527e-100
NF010451.0	164.0	38.0	-0.9728956769776221	1.8654504007956865e-6	2.120749168384256e-6
TIGR01401.1	130.0	70.0	-1.8071039423067456	1.6127738165984292e-26	2.24026031808954e-26
NF012211.1	60.0	65.0	-2.4985324625963243	4.239924915741544e-37	6.801715113398003e-37
TIGR02791.1	328.0	160.0	-1.7140669700528925	3.235763228228895e-54	7.625857720460794e-54
NF033523.0	198.0	32.0	-0.6173655400620163	0.003569928422402801	0.0038058067933874843
TIGR03781.1	402.0	29.0	0.1862082794075994	0.2914642007333691	0.2982176395308496
TIGR01403.1	156.0	56.0	-1.404403838171136	2.849471797978502e-15	3.5105827290807095e-15
NF010394.0	287.0	204.0	-2.094783559476231	3.471873400309533e-90	1.6740814844021254e-89
TIGR02525.1	77.0	28.0	-1.4255791506151938	1.754060922598269e-8	2.0468110070374793e-8
NF003621.0	50.0	56.0	-2.52996510543833	1.1800165823541479e-32	1.790296406139476e-32
TIGR00277.1	146.0	58.0	-1.5050607889715224	2.3419581515828202e-17	2.9239626327053364e-17
TIGR00905.1	60.0	55.0	-2.3329884469353344	3.2741786012216484e-29	4.703828504152334e-29
TIGR02246.1	125.0	96.0	-2.1613449838038266	3.0923902147496235e-45	5.689726732839767e-45
TIGR02378.1	39.0	82.0	-3.1520472181920605	2.321930975343011e-59	6.164873697192362e-59
TIGR00557.1	32.0	118.0	-3.709274676201102	1.3420283106634001e-97	7.765253466528226e-97
TIGR03177.1	66.0	120.0	-3.017649817205696	2.3176404703024287e-82	1.0023197704039885e-81
TIGR03754.1	366.0	57.0	-0.5704868044761907	0.00024768723907130606	0.0002730743673861049
TIGR01312.1	73.0	60.0	-2.225801867984749	5.7669250194439364e-30	8.414695810979935e-30
NF001933.0	63.0	72.0	-2.552166369154159	6.383715853825803e-42	1.1111903737261097e-41
NF006157.0	83.0	100.0	-2.6081716693291708	5.580383487344456e-59	1.4495175683845194e-58
TIGR02781.1	471.0	206.0	-1.60869445088672	3.560066654739212e-63	1.0229095627829447e-62
NF010460.0	202.0	44.0	-0.9090613616172145	1.0338085926751644e-6	1.1865463874890055e-6
TIGR00026.1	106.0	23.0	-0.9192865545993589	0.0005306923562061511	0.000576749853441659
TIGR01386.1	84.0	135.0	-2.8982453091137943	1.2150128964868283e-88	5.632021105814635e-88
NF033539.1	267.0	119.0	-1.6207442067828253	1.0129328260530462e-37	1.653405916456237e-37
NF001453.0	54.0	71.0	-2.6898933216518115	7.20417162041049e-44	1.2915170917787182e-43
NF008588.0	58.0	49.0	-2.252273890144146	4.0539364285938305e-25	5.468251870723832e-25
NF010413.0	92.0	123.0	-2.7143322008377404	2.0377604909768535e-75	7.465856121963232e-75
TIGR01784.1	70.0	368.0	-4.106238041190422	1.5e-323	5.4e-322
TIGR04364.1	96.0	50.0	-1.7746212798956005	6.327456907574812e-19	7.983062173616943e-19
NF040977.1	114.0	92.0	-2.21020299943612	1.1640172340892747e-44	2.1230662160889163e-44
TIGR01845.1	721.0	490.0	-2.0812942697908143	1.7885512273876945e-210	3.001188959556552e-209
NF002458.0	51.0	75.0	-2.800579056403187	2.629338951131801e-48	5.190624423528426e-48
NF010446.0	2669.0	179.0	0.2921122443597299	0.00008997260963926101	0.00009985055487743385
TIGR02760.1	82.0	105.0	-2.6691020829270835	1.8256366825770064e-63	5.318434641257321e-63
TIGR02311.1	32.0	72.0	-3.214864536498637	2.4752579474639314e-53	5.643319070440865e-53
NF033594.2	105.0	215.0	-3.149957467353613	2.5551387576028215e-152	2.8207387074062726e-151
TIGR01727.1	370.0	647.0	-3.049341410939232	0.0	0.0
TIGR00640.1	62.0	82.0	-2.6975513103090463	1.4989105034370448e-50	3.10515040094736e-50
TIGR00069.1	94.0	62.0	-2.0082744413728086	3.616035096313042e-27	5.081831567515314e-27
TIGR03782.1	261.0	7.0	1.0785259375397749	0.00020881008429252565	0.00023081905233389858
NF033542.1	1449.0	925.0	-2.069266625737424	0.0	0.0
NF003805.0	61.0	82.0	-2.713562211603871	7.018326193706923e-51	1.4832180545390702e-50
NF003806.0	38.0	66.0	-2.9612360514624685	2.878918864967257e-45	5.3085998411154477e-45
TIGR02546.1	57.0	49.0	-2.2693788416321405	2.3885452859829712e-25	3.2374628351206996e-25
NF010255.1	81.0	62.0	-2.1555715035174394	1.0380621929384321e-29	1.509417989385346e-29
TIGR02100.1	99.0	97.0	-2.4031188712308467	4.664517644842474e-52	1.0408325276656476e-51
NF010470.0	84.0	32.0	-1.4692663780855775	6.860462878990816e-10	8.106941345737035e-10
TIGR01868.1	35.0	102.0	-3.4758343966922363	3.175694778719871e-80	1.2997111801687667e-79
TIGR02684.1	190.0	82.0	-1.5870276377570571	9.410429979111001e-26	1.285887744702627e-25
TIGR03021.1	267.0	70.0	-1.089811327737179	7.989899718638109e-13	9.70119517212355e-13
TIGR02383.1	21.0	209.0	-4.694319963588175	7.43957584879379e-200	1.1776988937996208e-198
TIGR00013.1	65.0	64.0	-2.404307109618656	5.926540520316578e-35	9.276805030868674e-35
TIGR02782.1	2811.0	370.0	-0.40214932874751386	1.499334616700708e-11	1.8047944668750274e-11
TIGR00370.1	20.0	82.0	-3.796598094432565	1.1383878752621555e-69	3.6876734646523103e-69
TIGR02995.1	14.0	105.0	-4.380603537754927	1.1632087844716614e-97	6.824700490711356e-97
TIGR03934.1	0.0	103.0	-7.069494316809721	9.643834384188094e-113	7.289348692192622e-112
TIGR00801.1	45.0	89.0	-3.0940649043599433	4.025437351120974e-63	1.1526764292117738e-62
NF041893.1	1128.0	99.0	0.01177528133816384	0.916666789912034	0.917760664363003
NF010421.0	92.0	103.0	-2.5359378452119836	9.010629783703563e-59	2.3261287349314733e-58
NF038214.1	862.0	654.0	-2.211352961592781	2.0292753555422516e-302	5.8709035286205136e-301
TIGR03619.1	123.0	35.0	-1.17859469900876	5.659821192466201e-8	6.558825939888319e-8
TIGR03891.1	102.0	62.0	-1.9273361605730215	9.21656515057385e-26	1.2614515760736476e-25
TIGR01965.1	61.0	93.0	-2.839388164040205	2.403656544684105e-60	6.547622860357027e-60
TIGR01224.1	54.0	79.0	-2.7962494297033915	1.0530611155838165e-50	2.1978066566537866e-50
NF010465.0	97.0	35.0	-1.4141914876852657	3.6580732551412473e-10	4.341051571518397e-10
NF033590.1	44.0	124.0	-3.448937074521835	1.901384189767453e-96	1.0852117926631924e-95
TIGR01840.1	86.0	106.0	-2.6315065590033875	4.8597807971448475e-63	1.3728471679476521e-62
TIGR01479.1	101.0	84.0	-2.2393566372502987	1.341909618260063e-41	2.3309775770604407e-41
TIGR00077.1	39.0	143.0	-3.710658821739311	7.0329046134003645e-118	5.566610349663119e-117
NF003816.0	45.0	132.0	-3.489987119304894	1.351119837743781e-103	8.856168311461189e-103
TIGR00229.1	2160.0	1232.0	-1.9923923422111034	0.0	0.0
TIGR03491.1	289.0	38.0	-0.4075807553019754	0.033361039344142585	0.034987390012169536
TIGR02771.1	1076.0	190.0	-0.6945196941466174	1.0095849966273489e-15	1.249324206740923e-15
NF040521.1	41.0	72.0	-2.9736100057927253	1.9835374238542117e-49	3.981310762233693e-49
TIGR01720.1	20.0	112.0	-4.108895835363531	6.452547454960793e-100	3.866919510508647e-99
TIGR01099.1	80.0	78.0	-2.396154725800742	4.638091653713294e-42	8.090143237973916e-42
NF009214.0	73.0	63.0	-2.2741835030699002	3.2309926449266147e-32	4.858069586188942e-32
TIGR02775.1	3587.0	355.0	-0.10632015722362943	0.07100266406738526	0.07381813525717004
TIGR00500.1	101.0	83.0	-2.2273975578101814	7.48371627844005e-41	1.2866471224613118e-40
NF011635.0	60.0	104.0	-2.9676990304507096	1.957068242239678e-70	6.464489193854684e-70
TIGR01549.1	137.0	421.0	-3.582035395758895	0.0	0.0
TIGR02047.1	34.0	69.0	-3.113666215244057	1.1837052083526677e-49	2.3930811320672005e-49
TIGR02613.1	128.0	27.0	-0.8867065635344441	0.00018600623096042153	0.00020588288624774889
NF003478.0	58.0	45.0	-2.1683972636771176	3.7480144234869906e-22	4.800891757718451e-22
NF007739.0	286.0	454.0	-2.9277800662022	1.1033152422003162e-295	3.085604960686884e-294
TIGR03352.1	102.0	112.0	-2.5178234972425835	3.2412994883076545e-63	9.345189933643031e-63
TIGR02504.1	97.0	27.0	-1.161889673104915	2.4995198120362452e-6	2.8377498271967653e-6
TIGR00871.1	94.0	99.0	-2.4749184226819616	5.597877890774854e-55	1.3418913001028864e-54
TIGR01230.1	40.0	121.0	-3.5174004752946484	9.082508408789996e-96	5.114244667768326e-95
TIGR01222.1	76.0	75.0	-2.407753193925217	9.67276600348578e-41	1.6596013654242472e-40
TIGR03924.1	91.0	35.0	-1.4774352759390927	9.050427857057492e-11	1.0816679447394923e-10
TIGR00745.1	136.0	145.0	-2.4925629053828837	2.5900557722213554e-80	1.0652239180851553e-79
NF009906.0	32.0	85.0	-3.3803719403261394	1.4475714942663888e-65	4.368749941329137e-65
NF041264.1	128.0	37.0	-1.1933237973675477	1.707209600568692e-8	1.9949148396617443e-8
TIGR03783.1	337.0	32.0	-0.08608608316747424	0.7046139080198828	0.7122542997935923
TIGR01472.1	50.0	77.0	-2.846232038635534	2.1017616165278072e-50	4.3326240694516715e-50
NF006615.0	158.0	90.0	-1.8637634155580092	4.67418077788515e-35	7.343890772744646e-35
TIGR03396.1	48.0	53.0	-2.5155521763226423	8.589995969019518e-31	1.2688391933111575e-30
NF004790.0	49.0	57.0	-2.567293910052649	9.185577247028342e-34	1.4166726673266137e-33
TIGR00287.1	125.0	106.0	-2.260712484596439	1.1968871389263732e-52	2.6921938594081154e-52
TIGR00063.1	55.0	47.0	-2.2634216109450427	2.6661229825751922e-24	3.522641232095411e-24
TIGR02424.1	30.0	78.0	-3.3571407594688916	5.923716151616688e-60	1.5980700486194216e-59
NF005829.0	333.0	160.0	-1.69892854426528	1.528567827517944e-53	3.5232648551855903e-53
TIGR00594.1	503.0	282.0	-1.8651573655954399	1.1070877236503128e-105	7.61349672248043e-105
TIGR00608.1	523.0	111.0	-0.8774099637610289	4.1210480308669203e-14	5.054911254235886e-14
NF002825.0	39.0	63.0	-2.8897257227392865	3.203857512924326e-42	5.600075944465644e-42
TIGR00787.1	138.0	275.0	-3.1313351581290494	4.67852469993451e-193	6.8864600407807966e-192
NF005095.0	72.0	45.0	-1.9553269200718448	1.799318982687119e-19	2.28040578017295e-19
TIGR00494.1	95.0	70.0	-2.1183315958292708	1.3015907270250048e-32	1.9676299458990613e-32
TIGR00518.1	46.0	78.0	-2.9408153458134145	8.485245282329363e-53	1.9189004829849958e-52
NF010404.0	681.0	175.0	-1.0721512170478962	2.764686683613997e-29	3.97868289460059e-29
TIGR03978.1	130.0	34.0	-1.0953080012353822	4.589231827447806e-7	5.281708509230054e-7
TIGR01842.1	99.0	119.0	-2.6083951213339294	7.760476226572045e-70	2.523658741896878e-69
TIGR00654.1	103.0	78.0	-2.1459661652251074	9.561950200154688e-37	1.531006911818661e-36
TIGR01930.1	566.0	502.0	-2.3504094906607516	1.5428946416974738e-252	3.595801678844946e-251
TIGR01197.1	80.0	89.0	-2.5278873277155225	7.644977187105803e-51	1.6075528471132253e-50
TIGR02776.1	202.0	205.0	-2.450464014790115	2.145831880690352e-110	1.538763203332654e-109
NF006719.0	54.0	80.0	-2.808796497255353	1.4369515924153246e-51	3.1291923793242627e-51
NF004824.0	133.0	144.0	-2.5077379583680783	2.405254273954034e-80	9.940927762795243e-80
TIGR02738.1	52.0	75.0	-2.7815203953058747	5.905192072178236e-48	1.1548848831136457e-47
NF033545.0	424.0	391.0	-2.37639566702979	2.36520381020102e-200	3.81616537838203e-199
TIGR02115.1	40.0	62.0	-2.8491502787338123	5.687161288198095e-41	9.797799426690353e-41
NF008653.0	338.0	577.0	-3.016213103137523	0.0	0.0
NF038310.1	1.0	155.0	-6.788339227192578	2.4452406817218612e-167	3.0169954881832963e-166
NF041859.1	290.0	37.0	-0.3780279052882355	0.05430950278748227	0.05674429992365831
TIGR03759.1	302.0	48.0	-0.5930840668737523	0.0005730288229169871	0.0006211513984849511
TIGR03859.1	24.0	76.0	-3.546421404509918	2.6686636929340346e-61	7.341012584825098e-61
TIGR00935.1	61.0	88.0	-2.784105908918737	5.178440071921674e-56	1.2741088622704645e-55
TIGR02034.1	72.0	61.0	-2.2558027936109304	6.120423653400366e-31	9.056499903356097e-31
NF010258.0	56.0	56.0	-2.418676680865873	5.26575754579873e-31	7.805601733083277e-31
TIGR00794.1	53.0	50.0	-2.36080621392199	4.458999408849567e-27	6.256020909740446e-27
NF009116.0	48.0	71.0	-2.805468940423624	6.5587682233482855e-46	1.2174350750861087e-45
TIGR03353.2	110.0	150.0	-2.737597329956656	2.0906775138251664e-92	1.0566737554815147e-91
NF010459.0	175.0	44.0	-1.0520803097577407	3.448036606550333e-8	4.0123477293976824e-8
TIGR00872.1	64.0	43.0	-2.026784957966792	1.5517079367210239e-19	1.9695657472147338e-19
NF038324.1	174.0	28.0	-0.6164425244579937	0.0065455281724953514	0.006942728365010872
NF004628.0	99.0	131.0	-2.705210132741426	6.758989070538023e-80	2.7528115680492243e-79
NF002068.0	74.0	37.0	-1.7362327334579302	5.5673467754858916e-14	6.81898386077761e-14
TIGR00027.1	83.0	71.0	-2.26610227818626	6.089326880977988e-36	9.621365825123414e-36
NF009920.0	29.0	77.0	-3.3770771730018136	1.6007037770477342e-59	4.304456631227721e-59
TIGR02746.1	397.0	238.0	-1.9278521099730348	9.030619414247445e-94	4.919928369190654e-93
TIGR02778.1	202.0	220.0	-2.5226541569965164	1.794879127510081e-122	1.4479842192124596e-121
TIGR00506.1	67.0	89.0	-2.702967117669456	7.814429204548049e-55	1.857310510656038e-54
TIGR02777.1	131.0	159.0	-2.623125607534306	3.042339840309052e-93	1.6155209658349964e-92
NF010409.0	91.0	118.0	-2.683369163350455	1.6337996804153354e-71	5.483031727473865e-71
TIGR03735.1	122.0	108.0	-2.3036117216816465	7.25752359570908e-55	1.7298472434090674e-54
TIGR00305.1	348.0	54.0	-0.5674935369648857	0.0003594604513852437	0.0003932038053614334
TIGR00937.1	159.0	145.0	-2.3371199200198003	2.545240835135516e-74	8.934966781082417e-74
TIGR03070.1	99.0	20.0	-0.8531206227906051	0.0021077571896720468	0.002258503553173496
NF010416.0	95.0	124.0	-2.6907088238848824	2.7924240424851775e-75	1.005512348345521e-74
TIGR00347.1	70.0	42.0	-1.915315462938615	8.471382762628629e-18	1.0608194235590179e-17
TIGR00847.1	39.0	80.0	-3.1274065435514338	1.6006610793872944e-57	4.069559532139212e-57
TIGR03361.1	219.0	228.0	-2.478622568752631	3.281079255249475e-124	2.780631813287181e-123
NF001527.0	95.0	158.0	-2.935572734347266	8.570436154106663e-105	5.752476746636392e-104
NF007161.0	74.0	64.0	-2.2763782119539373	9.674250221774329e-33	1.4704159304472214e-32
NF033573.1	115.0	223.0	-3.0970820536436285	2.7444764170277934e-155	3.1116428566031337e-154
TIGR03830.1	95.0	50.0	-1.7849948479217044	4.521950404346881e-19	5.713729501878062e-19
NF009589.0	58.0	68.0	-2.5767144626439618	4.033499093109233e-40	6.8643118440540495e-40
TIGR03618.1	75.0	32.0	-1.581281040922897	6.940841590854717e-11	8.307226953961637e-11
TIGR03747.1	378.0	48.0	-0.3684382582823253	0.026723414362777746	0.028131674592685736
TIGR01907.1	36.0	102.0	-3.4484250576945543	1.1193708382468966e-79	4.536966827483798e-79
NF005406.0	18.0	88.0	-3.9672461521909685	4.557801295716788e-77	1.7541262784891675e-76
TIGR03748.1	326.0	43.0	-0.4083396616560652	0.02209610373543636	0.023289737479938573
TIGR02779.1	475.0	315.0	-2.03715743641268	8.302581630811953e-133	7.915756804830941e-132
TIGR03746.1	355.0	61.0	-0.6682286966905427	0.000013993802779944267	0.000015696257396220908
NF041924.1	100.0	19.0	-0.7942461140329852	0.006399745863987219	0.0068053064383843806
NF003619.0	76.0	63.0	-2.234411226128499	1.5660771701734913e-31	2.3338165999565882e-31
NF003013.0	72.0	86.0	-2.5976866362300353	9.58884833893017e-51	2.006245325776163e-50
NF040905.1	45.0	56.0	-2.633201326181697	3.747212090809355e-34	5.811295645451107e-34
NF006367.0	49.0	142.0	-3.480315500173407	5.039160623986974e-111	3.6763963161087576e-110
TIGR01266.1	62.0	58.0	-2.353264273601362	4.916621104098393e-31	7.300964789979737e-31
TIGR00254.1	1630.0	1121.0	-2.1693538144567137	0.0	0.0
NF006731.0	57.0	127.0	-3.219112386629075	9.85436569447284e-93	5.0722778022470634e-92
TIGR01782.1	181.0	38.0	-0.8746476204789696	0.000010949556267051847	0.000012324967138217118
TIGR00199.1	109.0	30.0	-1.1483991166716663	8.690594737623594e-7	9.988231486118076e-7
TIGR00786.1	195.0	365.0	-3.080890226556666	2.7824421061224843e-251	6.309375478477742e-250
TIGR02744.1	80.0	61.0	-2.151727797682114	3.422716074001149e-29	4.9088184377554945e-29
NF041546.1	1051.0	275.0	-1.0972348383695494	1.6946407407116022e-46	3.246126898303731e-46
TIGR00702.1	39.0	95.0	-3.2991767806565684	1.81111832355836e-71	6.053897503846471e-71
TIGR01428.1	152.0	193.0	-2.6722396177757615	3.9364353853695104e-115	3.08660681151871e-114
TIGR03367.1	59.0	54.0	-2.331385819168768	1.0978194486228279e-28	1.563786956527254e-28
NF003807.0	62.0	94.0	-2.8340841897626006	7.459939598223206e-61	2.0453886676174085e-60
TIGR04346.1	261.0	78.0	-1.2202844785294298	6.987132794988401e-17	8.697632663197728e-17
TIGR02194.1	71.0	116.0	-2.9115053644811972	8.29307997396777e-77	3.162679135526799e-76
TIGR02292.1	76.0	87.0	-2.5558514538731916	2.253079444776511e-50	4.633170720998756e-50
TIGR04360.1	983.0	107.0	-0.20527422310826823	0.05917178077557653	0.06167096157852013
NF010257.0	53.0	62.0	-2.5736032460821927	1.1123479548766146e-36	1.7776379697932944e-36
TIGR02073.1	42.0	62.0	-2.8015016004573043	2.9924063406971974e-40	5.113297189093582e-40
TIGR01214.1	72.0	87.0	-2.6092400119485193	1.4265890931886738e-51	3.116948565586712e-51
NF033179.1	246.0	67.0	-1.1280960419605688	3.8436790566179967e-13	4.68727722166061e-13
NF010447.0	2091.0	175.0	0.06455359923131544	0.39490394549046753	0.4025813004453247
NF041494.1	452.0	108.0	-0.9962712331832418	1.152168134685163e-16	1.4321023185197803e-16
TIGR01587.1	72.0	143.0	-3.1087291866273072	1.0351020282614468e-100	6.293120302256188e-100
TIGR03355.1	103.0	152.0	-2.8162219665825914	1.5020721517948369e-96	8.631770790108687e-96
TIGR00710.1	114.0	141.0	-2.639567533111992	1.652969334550457e-83	7.223131623374133e-83
TIGR02393.1	58.0	42.0	-2.100585024143215	5.528702932758279e-20	7.038819060067065e-20
TIGR01869.1	35.0	95.0	-3.4045787313556186	1.6228177448845382e-73	5.6030620903626644e-73
TIGR04416.1	597.0	414.0	-2.09298663446785	7.325950059199244e-180	9.7563049201082e-179
NF009489.0	114.0	198.0	-2.9842376175809022	4.902774343471347e-133	4.7280777864051265e-132
TIGR02423.1	50.0	98.0	-3.087262188098256	3.648778943993898e-69	1.1774328976964925e-68
NF041492.1	11520.0	757.0	0.3471316402569628	4.978175156370452e-20	6.347551605159285e-20
TIGR00571.1	129.0	14.0	-0.253216617931219	0.4474344144915688	0.4550272409193046
TIGR02018.1	45.0	142.0	-3.563739311537674	2.778154646456056e-113	2.138414448051955e-112
NF010295.2	91.0	89.0	-2.4004301697609307	7.567646136383692e-48	1.4697349788022956e-47
NF033883.1	78.0	34.0	-1.6016216401005414	1.1291654032912591e-11	1.3611634674732276e-11
TIGR00198.1	61.0	104.0	-2.951427933872967	4.8676409444162066e-70	1.5890858958619445e-69
TIGR01382.1	35.0	104.0	-3.4953158957674986	3.755973242723557e-82	1.6160315644333664e-81
NF008967.0	50.0	65.0	-2.6776855916707025	4.163863986804852e-40	7.057539161473274e-40
NF010298.0	69.0	49.0	-2.081199749929244	8.50118120409129e-23	1.1041007786737757e-22
NF008022.0	29.0	71.0	-3.296287490275303	7.579440938418911e-54	1.7762991472998509e-53
TIGR03571.1	86.0	54.0	-1.9595350087157857	3.9790150928566365e-23	5.1919030527320654e-23
TIGR01690.1	378.0	52.0	-0.4474067710968594	0.0061101020172921955	0.006505552782370752
NF010253.0	601.0	148.0	-1.0278710572208831	2.2723929865629725e-23	2.983627098163277e-23
TIGR01353.1	95.0	20.0	-0.8939862098712513	0.0016768059893442233	0.0018082779242413925
NF033888.1	86.0	34.0	-1.5050753217354829	9.251548525527491e-11	1.1041321782244045e-10
TIGR04085.1	141.0	173.0	-2.6356390613974625	8.05555283198008e-102	5.1201582015388537e-101
NF041281.1	123.0	32.0	-1.091212584334831	1.0820482160763085e-6	1.2402164662404684e-6
TIGR00693.1	23.0	77.0	-3.6002814590608496	7.372480124639266e-63	2.075674773346424e-62
NF002091.1	27.0	87.0	-3.567965153221682	3.020781021725003e-70	9.900137801669052e-70
TIGR00912.1	4.0	157.0	-5.885009083762208	2.1453477509474293e-164	2.6086184971665118e-163
NF010408.0	66.0	84.0	-2.660010974876204	6.06620693049835e-51	1.2917633539817553e-50
NF041414.1	91.0	83.0	-2.330689288573393	3.4803441963037206e-43	6.199594014222551e-43
TIGR00621.2	4292.0	531.0	-0.3435070386705959	4.421482047335382e-12	5.3375876801645825e-12
TIGR02780.1	3298.0	352.0	-0.1847750582856	0.0017327970319417723	0.0018638675766655729
TIGR00066.1	59.0	106.0	-3.003357498445051	1.249943996215955e-72	4.2804204605109646e-72
NF006826.0	62.0	56.0	-2.3185300503490778	1.709499021312679e-29	2.4728787566919615e-29
NF033429.2	104.0	88.0	-2.25682058065646	6.450531041997909e-44	1.1613724343854606e-43
NF009438.0	190.0	96.0	-1.7446449227339584	4.441394362972162e-34	6.8751473626081995e-34
NF004051.0	52.0	74.0	-2.7681507277429684	4.2786871497193156e-47	8.252456364631047e-47
TIGR03345.1	83.0	135.0	-2.910090479289679	5.0677716802570705e-89	2.4021810393986906e-88
TIGR03344.1	146.0	101.0	-2.0578526978253664	1.3193898686269637e-44	2.401232320559702e-44
TIGR01451.2	73.0	58.0	-2.192217287963353	1.7475635073188599e-28	2.4808896491379414e-28
TIGR03434.1	246.0	8.0	0.9014968723192888	0.0018051592514713374	0.001936737355478839
TIGR00675.1	711.0	182.0	-1.0686557105751961	4.31845983949147e-30	6.323189887143705e-30
NF009588.0	58.0	68.0	-2.5767144626439618	4.033499093109233e-40	6.8643118440540495e-40
TIGR01646.1	228.0	240.0	-2.4910316402308803	2.110569569391588e-131	1.9458987568346616e-130
TIGR02690.1	147.0	202.0	-2.7520073821914353	2.0031045306014708e-124	1.714902756300647e-123
NF033543.1	386.0	364.0	-2.3956137098366557	1.2416899175207483e-188	1.7362964013331795e-187
TIGR02141.1	64.0	50.0	-2.1752872008146302	1.5415095313041016e-24	2.0496457951888134e-24
NF010395.0	1106.0	182.0	-0.6229095278790208	1.1500556448840826e-12	1.3923473103286366e-12
NF001208.0	47.0	59.0	-2.642286370356309	4.971408980999274e-36	7.869834217091303e-36
NF009487.0	118.0	202.0	-2.970410926183002	4.971219672403079e-135	4.849829424588586e-134
TIGR01494.1	592.0	859.0	-2.88984984461763	0.0	0.0
NF006552.0	56.0	45.0	-2.202904474955208	1.3930347758010456e-22	1.7980864259955033e-22
NF010439.0	109.0	13.0	-0.351374636655932	0.3205152718311398	0.32754240324765693
TIGR03761.1	310.0	43.0	-0.4586842070438157	0.01113613466946883	0.011782114738567906
TIGR02429.1	210.0	174.0	-2.2447120101183016	2.0426070126632091e-84	9.067445945102817e-84
TIGR01892.1	53.0	136.0	-3.35969431454363	3.699396393957645e-103	2.4060415306437708e-102
NF009520.0	74.0	81.0	-2.510824726630124	4.527917552086383e-46	8.460852619600167e-46
NF008514.0	47.0	57.0	-2.6081367139755485	2.2944328154534064e-34	3.5714826199729274e-34
NF009488.0	115.0	198.0	-2.9755687333214698	1.2276036257866121e-132	1.1572578000392895e-131
TIGR01056.1	349.0	188.0	-1.8158381811759503	1.1193976133367369e-68	3.5846358686622986e-68
TIGR00929.1	2660.0	489.0	-0.7528183772752616	8.869966711324983e-43	1.5667162254319287e-42
TIGR01844.1	123.0	69.0	-1.8477867102611254	5.967478664426e-27	8.316801660221618e-27
TIGR03814.1	61.0	82.0	-2.713562211603871	7.018326193706923e-51	1.4832180545390702e-50
NF033563.0	184.0	237.0	-2.691971092767596	4.943242546777303e-142	5.057781093592875e-141
TIGR01097.1	45.0	71.0	-2.8686790595537217	5.327274703601279e-47	1.0251338248443745e-46
TIGR00976.1	177.0	125.0	-2.080477483879635	1.4752179545516193e-55	3.6190288417216625e-55
TIGR02360.1	39.0	74.0	-3.0496983622908673	4.732731353479977e-52	1.0532524152704777e-51
TIGR00797.1	146.0	106.0	-2.1063338090186687	3.756187644254881e-48	7.363180919462256e-48
NF040501.1	45.0	66.0	-2.7960839867035827	1.1987469601751974e-42	2.112917436107123e-42
TIGR01963.1	68.0	81.0	-2.594270082280269	7.94482012902817e-48	1.539423576964119e-47
TIGR01444.1	129.0	178.0	-2.753023829998454	6.025658609838398e-110	4.284345401402047e-109
NF000282.2	259.0	282.0	-2.5297461964758767	8.413967032425921e-157	9.942701887613165e-156
NF038290.1	46.0	68.0	-2.8042298368469853	5.048921848202698e-44	9.129408255694102e-44
TIGR02427.1	87.0	123.0	-2.769648521051357	4.172217895536916e-77	1.613129407537084e-76
NF033819.0	930.0	518.0	-1.883882844184279	1.0360712434937225e-193	1.5522567380200592e-192
TIGR00195.1	196.0	100.0	-1.754558206088255	1.0515113447863757e-35	1.6551932800671092e-35
TIGR02051.1	52.0	77.0	-2.8077448297362357	1.1065518267831652e-49	2.242504789060569e-49
TIGR01372.1	33.0	100.0	-3.5131549626135685	2.0674909521134257e-79	8.299640712072557e-79
NF005451.0	76.0	86.0	-2.5442980794307353	1.4772686108031724e-49	2.9793951068842826e-49
TIGR02118.1	137.0	97.0	-2.0806243814869148	1.5977890455275484e-43	2.852223423824709e-43
TIGR01003.1	35.0	71.0	-3.1139047367579193	4.817272002983055e-51	1.0336806164968755e-50
TIGR00126.1	36.0	68.0	-3.043562803617633	6.990056266664745e-48	1.3607093289400746e-47
NF037981.1	36.0	87.0	-3.289159409589921	1.9843336048642307e-65	5.92475407288644e-65
TIGR01766.2	127.0	334.0	-3.415207920991702	5.767173506620483e-254	1.3824738777298815e-252
NF010412.0	122.0	125.0	-2.45067494978327	3.971416491180169e-68	1.2526385098120911e-67
NF006551.0	123.0	166.0	-2.729435071268535	1.0494424345462519e-101	6.570762705853025e-101
NF010417.0	106.0	103.0	-2.3955578996458677	5.87177802773225e-55	1.4035389644636347e-54
TIGR00030.1	51.0	56.0	-2.510536583882935	2.2771912020294384e-32	3.4300959039545763e-32
NF005851.0	91.0	53.0	-1.885127734974643	1.2825756614722377e-21	1.6403673475231822e-21
NF041079.1	162.0	33.0	-0.8472931671443777	0.00006790683552774756	0.00007566246348974793
TIGR01297.1	352.0	349.0	-2.4440413182425225	1.7050016770128495e-185	2.3450760770717716e-184
TIGR03757.1	196.0	47.0	-1.0040401382968858	5.2447901995902064e-8	6.08627797711782e-8
TIGR01511.1	470.0	614.0	-2.7528849019137955	0.0	0.0
NF009201.0	38.0	63.0	-2.915053809403533	1.3319915619948623e-42	2.3428530828379234e-42
NF006940.0	42.0	62.0	-2.8015016004573043	2.9924063406971974e-40	5.113297189093582e-40
NF004016.0	48.0	71.0	-2.805468940423624	6.5587682233482855e-46	1.2174350750861087e-45
NF010402.0	96.0	127.0	-2.7044280520133155	1.7160703258938221e-77	6.6966651322089155e-77
NF038403.1	192.0	22.0	-0.28579686079779887	0.2619935557850671	0.2683914448152275
TIGR01096.1	32.0	71.0	-3.2009467895198322	2.101584697989949e-52	4.714517544421303e-52
TIGR02422.1	53.0	97.0	-3.019794975613984	5.436015653659338e-67	1.6829583518155662e-66
NF033538.1	347.0	118.0	-1.3501523387706726	1.0026087049801003e-28	1.4305930331263675e-28
TIGR03363.1	49.0	77.0	-2.866045114962068	8.99847703204518e-51	1.8874305574714765e-50
TIGR01525.1	606.0	755.0	-2.723178564224295	0.0	0.0
TIGR03033.1	104.0	34.0	-1.3168283068311095	5.119719834156773e-9	6.024466957724449e-9
NF004225.0	434.0	247.0	-1.8766608565335645	1.0842079485524627e-93	5.831092748945617e-93
TIGR02742.1	424.0	237.0	-1.8575961177103986	9.727922160365988e-89	4.5342926069705915e-88
TIGR01186.1	148.0	325.0	-3.2346700072009074	4.953091080761404e-235	9.894389087520995e-234
TIGR03453.1	1124.0	683.0	-1.9905343759926313	1.2026264999252832e-273	3.153136354491602e-272
TIGR02348.1	107.0	186.0	-2.9833991526848926	4.5465411764955877e-125	3.973487549041456e-124
TIGR04474.1	337.0	40.0	-0.3041422687892605	0.09111962185967094	0.09449859424012846
TIGR02385.1	493.0	314.0	-1.9965421587213124	7.554390971920811e-129	6.815197876818882e-128
NF010422.0	60.0	87.0	-2.788952723998181	1.684119169895721e-55	4.119463508870291e-55
TIGR01181.1	72.0	115.0	-2.888992408269402	1.513665127247409e-75	5.570022112984983e-75
NF011980.0	61.0	88.0	-2.784105908918737	5.178440071921674e-56	1.2741088622704645e-55
NF033832.1	93.0	9.0	-0.1717722236588223	0.7205944471761307	0.727192525279099
TIGR01733.1	219.0	334.0	-2.872605734733463	6.0459009478429135e-214	1.102719759834827e-212
NF009464.0	55.0	74.0	-2.713059497699254	4.432556970678121e-46	8.319721025500992e-46
TIGR01015.1	41.0	61.0	-2.8089179262334483	9.692201898924957e-40	1.6328830106823373e-39
NF005589.0	59.0	112.0	-3.0586672778861015	4.76639255280699e-78	1.886322335757106e-77
NF010396.0	786.0	555.0	-2.1272856666087003	9.366234208137392e-245	1.916651341616408e-243
NF003829.0	56.0	45.0	-2.202904474955208	1.3930347758010456e-22	1.7980864259955033e-22
NF005394.0	150.0	69.0	-1.6504946239539926	3.872104571314397e-23	5.0602737310479424e-23
NF038325.1	100.0	20.0	-0.8431593852750964	0.0022585429759385874	0.002410836586275413
NF010474.0	220.0	5.0	1.195817670556842	0.00023471742373121375	0.0002591156822506425
TIGR00879.1	107.0	62.0	-1.8798799285376158	6.176574201375215e-25	8.30472076114392e-25
TIGR00765.1	145.0	131.0	-2.3262759128398764	5.951397144253466e-67	1.8357434573634772e-66
TIGR00552.1	52.0	55.0	-2.4736543803073543	2.763536330240161e-31	4.1110052855877575e-31
NF033592.1	140.0	394.0	-3.4908608318150893	4.731764288141281e-305	1.4178393706251911e-303
NF040493.1	125.0	135.0	-2.504172791477682	2.538445879814371e-75	9.179983160190765e-75
NF009560.0	72.0	185.0	-3.369959088591155	5.738778117123319e-140	5.801005831646343e-139
NF007866.0	16.0	102.0	-4.226334573612107	7.217799055791172e-93	3.761325098017884e-92
TIGR03752.1	306.0	61.0	-0.81685424622147	1.60934128389789e-7	1.8547216170196835e-7
NF033827.1	55.0	48.0	-2.2841646635578274	4.670765973948194e-25	6.290164770694278e-25
TIGR00791.1	72.0	70.0	-2.3924663527008905	7.493060958174431e-38	1.2278668249820991e-37
TIGR02759.1	120.0	104.0	-2.282139422759775	2.6975354087601483e-52	6.035285887866039e-52
TIGR02769.1	342.0	549.0	-2.9510610376016095	0.0	0.0
NF033794.2	44.0	99.0	-3.2226634131611336	8.553202720303248e-73	2.9410397878419774e-72
NF001454.0	60.0	88.0	-2.800376987800562	2.305581747935227e-56	5.757092519397784e-56
TIGR02788.1	2605.0	446.0	-0.6768393221860234	7.109045295749208e-33	1.0824843925832278e-32
NF040810.1	54.0	74.0	-2.731088497026578	2.0551149290126993e-46	3.918730512367397e-46
NF040486.1	96.0	7.0	0.08306583253549372	0.721125364758296	0.727192525279099
TIGR03433.1	185.0	2.0	1.7165298605838517	0.00002656226464604736	0.000029674753712428405
NF004127.0	49.0	55.0	-2.5319545938938024	3.953730329809813e-32	5.934131926136732e-32
TIGR01497.1	64.0	103.0	-2.8944488115345615	5.370524428349687e-68	1.6875917585713062e-67
TIGR02820.1	56.0	45.0	-2.202904474955208	1.3930347758010456e-22	1.7980864259955033e-22
TIGR01630.1	362.0	10.0	1.0868825154394246	0.00001651851321080713	0.000018503381286872076
NF040584.1	209.0	34.0	-0.6225295021752386	0.002197122386941932	0.0023482620161073644
NF033216.1	171.0	30.0	-0.7007056476377239	0.0017467349371650042	0.0018764540490159266
NF010293.0	63.0	57.0	-2.320286885826362	5.102423968366146e-30	7.458072664563062e-30
NF040586.1	75.0	32.0	-1.581281040922897	6.940841590854717e-11	8.307226953961637e-11
TIGR01409.1	570.0	628.0	-2.583630186537062	0.0	0.0
NF006043.0	31.0	78.0	-3.325381854382703	1.9152848177660502e-59	5.101345911446717e-59
TIGR03299.1	331.0	43.0	-0.3931094424641658	0.029345377048462955	0.030853096921880225
NF003617.0	60.0	62.0	-2.4516399017364856	1.0738861697716233e-34	1.6778221535165586e-34
TIGR03758.1	364.0	56.0	-0.5584574060011701	0.0003430402342580281	0.000375732058149459
NF011055.0	36.0	89.0	-3.3118818005964465	2.6021651858317905e-67	8.085987373751379e-67
TIGR01433.1	56.0	102.0	-3.0160824583637265	2.929379146495739e-70	9.638231780038921e-70
NF041326.1	205.0	12.0	0.35131197754202265	0.17281485633984522	0.17878133719991388
NF004850.0	51.0	65.0	-2.658257062827359	8.709930089949114e-40	1.470348359248955e-39
TIGR00692.1	91.0	57.0	-1.9570827330498308	2.7551323208757563e-24	3.6345220396458484e-24
TIGR02122.1	44.0	79.0	-2.9970245888584657	1.7277087066888865e-54	4.094767245514056e-54
NF038281.1	4.0	161.0	-5.910515082834312	1.0068135750408116e-168	1.2607710290436432e-167
TIGR00738.1	173.0	185.0	-2.500269844658654	2.8854149151214813e-102	1.8479871097610096e-101
TIGR03359.1	150.0	164.0	-2.5198431763263867	9.719996969879616e-92	4.769051144870759e-91
TIGR01746.1	31.0	72.0	-3.2456463912131843	8.282199944228404e-54	1.93558934629739e-53
TIGR02847.1	52.0	106.0	-3.1274839613587955	1.321212098795338e-75	4.904853764996852e-75
TIGR03756.1	335.0	59.0	-0.6932312787869548	8.079506077124414e-6	9.123426108623665e-6
TIGR02401.1	66.0	90.0	-2.728967383683651	5.148793817327918e-56	1.2741088622704645e-55
TIGR03741.1	373.0	114.0	-1.2431187902128862	1.3197899243987567e-24	1.760419310922984e-24
NF000592.1	116.0	198.0	-2.9669741661711933	3.057027112429449e-132	2.8498286081425644e-131
TIGR01413.1	104.0	95.0	-2.333405855039461	3.036313185851841e-49	6.07987294255297e-49
TIGR01846.1	105.0	61.0	-1.8824691558796744	1.3283777475270608e-24	1.769061793928895e-24
TIGR03977.1	124.0	35.0	-1.1705516144545087	6.685274337204988e-8	7.725819791893919e-8
NF006871.0	60.0	98.0	-2.9081086644666905	4.177720839661709e-65	1.2385539874474115e-64
TIGR04363.1	70.0	36.0	-1.7642919599518556	6.31636922561246e-14	7.725122128700953e-14
TIGR01734.1	28.0	123.0	-3.8803130146464975	3.3118553214610392e-105	2.2408440441175905e-104
TIGR02439.1	95.0	60.0	-1.9652832224372745	1.2768742612571256e-25	1.7391193266148189e-25
TIGR02593.1	86.0	161.0	-3.0531797339361835	4.043249955575853e-111	2.975690098884334e-110
TIGR00377.1	139.0	58.0	-1.5539273177847162	3.873242744536974e-18	4.8574748320874754e-18
TIGR00780.1	37.0	91.0	-3.307431736932454	1.071196697458852e-68	3.4434253991110228e-68
TIGR03025.1	92.0	85.0	-2.343647396150142	1.7606212735478328e-44	3.1973187197113244e-44
TIGR03749.1	346.0	60.0	-0.677549468671002	0.000010958790804660275	0.000012324967138217118
TIGR02937.1	3413.0	1250.0	-1.5378825869154416	0.0	0.0
NF002331.0	337.0	2.0	2.315518125827508	2.409038337406631e-10	2.862865672923744e-10
NF008909.0	96.0	82.0	-2.265612398825732	3.0857837082708173e-41	5.338087693276734e-41
NF033540.1	151.0	168.0	-2.537689322736582	1.0488792059558495e-94	5.827878501966608e-94
NF033580.1	219.0	525.0	-3.3487209656171992	0.0	0.0
NF006045.0	40.0	68.0	-2.940867507502049	2.9316444820009906e-46	5.552256705189235e-46
TIGR01256.1	82.0	67.0	-2.2204334967562955	3.5781414656957415e-33	5.4682344075022355e-33
TIGR00348.1	441.0	81.0	-0.7329722066319597	3.658943628759343e-8	4.2518749370208986e-8
TIGR00231.1	233.0	103.0	-1.6116801773998906	1.2610013425893597e-32	1.9097114195531998e-32
NF009587.0	38.0	67.0	-2.9761754215691134	3.680422406662304e-46	6.939043593684659e-46
TIGR01729.1	17.0	84.0	-3.9748389801345603	9.342443381524231e-74	3.2389710731813347e-73
NF010406.0	178.0	125.0	-2.074864305257998	2.3091208536142025e-55	5.6155141918327996e-55
TIGR00711.1	525.0	408.0	-2.206729996512091	4.1417939948252125e-190	5.889771460437887e-189
NF041926.1	138.0	27.0	-0.8119354488967754	0.0005426409202260893	0.0005889724865067127
TIGR01484.1	159.0	182.0	-2.5676641762240466	7.81901824995468e-104	5.165477410796832e-103
NF010453.0	447.0	53.0	-0.2981999894267482	0.05990287151611476	0.062355470473970574
TIGR00720.1	58.0	55.0	-2.366345925958625	1.0448959375912697e-29	1.5167261101022063e-29
NF004784.0	109.0	212.0	-3.0985058909645726	8.3322537038811e-148	8.962513919943903e-147
TIGR01404.2	116.0	36.0	-1.2643012273258747	5.7425201781225375e-9	6.747863346561357e-9
TIGR02768.1	1384.0	374.0	-1.1377718977634521	6.407798567950792e-66	1.9692831496376244e-65
TIGR00364.1	86.0	57.0	-2.0130168720241426	3.5200991785951375e-25	4.755818374945765e-25
TIGR02374.1	40.0	79.0	-3.0901564929022642	3.613235526513232e-56	8.968948540664502e-56
NF041925.1	149.0	27.0	-0.7356533422933665	0.0014610026959038058	0.0015775820616001197
TIGR00781.1	36.0	89.0	-3.3118818005964465	2.6021651858317905e-67	8.085987373751379e-67
TIGR03217.1	82.0	100.0	-2.6201585521289568	2.752544355959049e-59	7.216827233280132e-59
TIGR04022.1	38.0	105.0	-3.424845876072899	1.789605747816123e-81	7.507396112088637e-81
TIGR00832.1	175.0	241.0	-2.7591176761952014	2.0071481788336212e-148	2.1870095091446862e-147
NF004384.0	89.0	21.0	-1.005233092285834	0.00030728878250042623	0.00033745456612285026
TIGR02747.1	243.0	199.0	-2.2357332230731264	9.633463939443312e-96	5.388317496795293e-95
TIGR00217.1	55.0	74.0	-2.713059497699254	4.432556970678121e-46	8.319721025500992e-46
NF041496.1	2220.0	342.0	-0.562729677865876	6.715714721319759e-19	8.460187163944862e-19
TIGR01701.1	102.0	149.0	-2.805714462921696	2.651799421585374e-94	1.45415667628113e-93
NF010464.0	938.0	90.0	-0.07918922203432645	0.5299513906277082	0.5382920299475148
TIGR02823.1	62.0	83.0	-2.7096521044623603	2.132552199928103e-51	4.58772127112738e-51
NF041551.1	267.0	68.0	-1.0609889972990634	3.7784186666058435e-12	4.567857725190638e-12
NF040570.1	232.0	424.0	-3.0646863015951693	7.170070702039548e-290	1.9405449416165102e-288
TIGR03736.1	348.0	127.0	-1.4213074153099328	3.3419299961778884e-33	5.116568005097169e-33
NF002999.0	81.0	57.0	-2.0722592916132134	4.009393089917926e-26	5.532698688225559e-26
TIGR00915.1	298.0	293.0	-2.4290981559791085	4.7437092555100905e-155	5.3066294204972884e-154
TIGR02544.1	178.0	78.0	-1.6021554999049556	6.67596066935302e-25	8.961809602539496e-25
TIGR01536.1	95.0	140.0	-2.8131634536631958	5.5385080728665974e-89	2.610566445581503e-88
NF033587.1	416.0	635.0	-2.9116450142031325	0.0	0.0
NF010463.0	157.0	33.0	-0.8785032580708112	0.00004790643853114522	0.000053448805754828237
TIGR03930.1	91.0	98.0	-2.4968636902291754	5.243200953119378e-55	1.2604715185292716e-54
TIGR00831.1	64.0	56.0	-2.287256374190664	5.122628255610875e-29	7.334274925695434e-29
TIGR00080.1	54.0	71.0	-2.6898933216518115	7.20417162041049e-44	1.2915170917787182e-43
TIGR00681.1	61.0	92.0	-2.8285680660638843	1.7841130383930516e-59	4.7671045834769755e-59
TIGR02866.1	108.0	88.0	-2.219389910809848	5.131108309984565e-43	9.120762440841207e-43
NF010452.0	174.0	32.0	-0.7461487971423515	0.0005006780561710178	0.0005448364320719635
NF041200.1	143.0	23.0	-0.6218967726480307	0.014967033168150443	0.015815290715463757
NF033611.0	267.0	59.0	-0.9201076084924179	1.165976613853573e-8	1.3662770656747873e-8
TIGR00167.1	35.0	109.0	-3.5424615879498935	5.471982601372512e-87	2.5225238475557897e-86
NF010256.0	74.0	53.0	-2.0896102404052797	1.1754263540077385e-24	1.5703546353702112e-24
TIGR00630.1	59.0	82.0	-2.746373131464685	1.496056689321824e-51	3.243389049976771e-51
NF006049.0	82.0	100.0	-2.6201585521289568	2.752544355959049e-59	7.216827233280132e-59
TIGR02425.1	37.0	97.0	-3.3713599535254755	2.2550650573131816e-74	7.949578080192267e-74
TIGR03083.1	116.0	60.0	-1.7672305995449504	2.7773628328678563e-22	3.563008282532311e-22
TIGR01968.1	86.0	76.0	-2.2987402082082	4.974743836730209e-39	8.297833159078819e-39
TIGR03347.1	148.0	138.0	-2.358454612814244	1.2777029199065213e-71	4.305191766271371e-71
TIGR00497.1	167.0	46.0	-1.1424211195215845	1.2397689754654155e-9	1.46296226500068e-9
TIGR03221.1	85.0	56.0	-2.0070726377643906	1.1327301856040237e-24	1.5157266757923062e-24
TIGR01573.1	91.0	45.0	-1.723794150809516	1.5476394041466896e-16	1.920812810767859e-16
TIGR01493.1	180.0	199.0	-2.5350942496315594	1.2035539579934566e-111	8.93612186510186e-111
TIGR01263.1	67.0	59.0	-2.2937695866448577	1.3695382045494642e-30	2.019406948360282e-30
TIGR01891.1	294.0	360.0	-2.656540223214958	4.0561692152515795e-211	6.945155044073623e-210
TIGR02293.1	422.0	184.0	-1.6036949376600478	2.0882052984553534e-56	5.229863419116542e-56
NF003811.1	50.0	65.0	-2.6776855916707025	4.163863986804852e-40	7.057539161473274e-40
TIGR03358.1	107.0	149.0	-2.7582583069295508	1.4456396529643348e-92	7.395680907543152e-92
TIGR00492.1	42.0	102.0	-3.2980804523599585	1.4372443148090097e-76	5.456325701921987e-76
TIGR03760.1	336.0	60.0	-0.7069020946201522	5.292007722762186e-6	5.991895383802259e-6
TIGR01726.1	541.0	789.0	-2.88580340710243	0.0	0.0
TIGR03744.1	320.0	60.0	-0.7557210630272942	1.2519822102375266e-6	1.4271916771593543e-6
TIGR02152.1	89.0	76.0	-2.264806510637565	2.504240600383779e-38	4.1197213014156677e-38
TIGR01832.1	29.0	79.0	-3.402644150445047	1.993364286750081e-61	5.501423146655651e-61
NF033537.1	437.0	73.0	-0.6384558342990447	4.803808300617742e-6	5.446479951646332e-6
TIGR00893.1	48.0	54.0	-2.5340252466632895	1.3246669520267753e-31	1.9810972776300615e-31
NF033578.1	43.0	67.0	-2.8554958372044634	3.078080375014352e-44	5.577774156883458e-44
NF004283.0	108.0	130.0	-2.6112053556669186	3.3081116653965744e-76	1.2390650389588063e-75
TIGR03707.1	60.0	112.0	-3.042127396648126	1.2564119335904711e-77	4.925839309730866e-77
TIGR01923.1	26.0	100.0	-3.7437506372028095	1.277499881191588e-83	5.6116356037682835e-83
TIGR00556.1	60.0	65.0	-2.4985324625963243	4.239924915741544e-37	6.801715113398003e-37
TIGR00099.1	52.0	56.0	-2.491477941133465	4.350292932401915e-32	6.517671018366441e-32
NF003976.0	30.0	77.0	-3.34427716473206	5.249886715270975e-59	1.3679052652522821e-58
TIGR02783.1	3600.0	367.0	-0.1372594795423301	0.018222770213989634	0.019231326049732458
TIGR03408.1	37.0	81.0	-3.191115183673668	2.3710445007846963e-59	6.275414309647824e-59
NF033581.1	275.0	230.0	-2.2601845951815474	7.982585987053883e-112	5.9798121813734e-111
TIGR02520.1	269.0	59.0	-0.9126505410667523	1.3430454073815301e-8	1.571569172654259e-8
TIGR00826.1	100.0	77.0	-2.162405340363537	1.2036198655229942e-36	1.919842333030023e-36
TIGR03232.1	61.0	76.0	-2.6377798480213586	7.872469666425314e-46	1.454846266548643e-45
TIGR00369.1	239.0	204.0	-2.2776326580623643	2.0367949020115899e-100	1.229403541573902e-99
TIGR00641.1	64.0	80.0	-2.641637031324096	3.147143499234454e-48	6.198247408116683e-48
NF008398.0	67.0	38.0	-1.8603867879623888	1.1860153012211511e-15	1.4654887153527921e-15
TIGR02391.1	226.0	34.0	-0.5444993436759027	0.006541710576168008	0.006942728365010872
TIGR00674.1	58.0	74.0	-2.6608422083668883	4.185307264211938e-45	7.650267526522476e-45
TIGR02713.1	27.0	77.0	-3.446090363440147	1.3810822868383428e-60	3.774358432108696e-60
TIGR02547.1	33.0	100.0	-3.5131549626135685	2.0674909521134257e-79	8.299640712072557e-79
TIGR00170.1	46.0	66.0	-2.7745673966966637	2.6841708056148312e-42	4.701501682486103e-42
TIGR02821.1	81.0	87.0	-2.4928842838738228	6.0712285692654305e-49	1.2099194227110918e-48
NF010405.0	102.0	126.0	-2.636376867533629	9.882209503195462e-75	3.5132092259241495e-74
TIGR03566.1	40.0	105.0	-3.3748146374915238	2.0252748173648554e-80	8.411908771134225e-80
NF033679.1	89.0	64.0	-2.093896302064035	1.60219728700302e-29	2.3216641170907318e-29
NF002469.0	210.0	12.0	0.37534932258148673	0.1417525033516031	0.14682759297777162
TIGR01350.1	59.0	127.0	-3.1851896544751566	8.379318820085706e-92	4.1599103491431403e-91
TIGR00203.1	46.0	153.0	-3.617714917187945	1.985620260436392e-123	1.6494409886199334e-122
TIGR00758.1	34.0	86.0	-3.333196437577809	1.7403289946815263e-65	5.214771523349288e-65
NF033522.2	157.0	29.0	-0.7528456491272025	0.0007543015703821484	0.0008165922807104806
TIGR00914.1	500.0	285.0	-1.882090048976589	4.004980996080031e-108	2.8236798787488616e-107
TIGR01187.1	152.0	241.0	-2.8994145081310427	1.2468942976170108e-156	1.4529782162509335e-155
TIGR01524.1	73.0	56.0	-2.1574830478322315	5.097570025776506e-27	7.128102086044148e-27
NF010462.0	151.0	39.0	-1.080544818919062	9.095217193167043e-8	1.049640608674986e-7
TIGR01656.1	57.0	59.0	-2.4529398331144763	4.068510113059341e-33	6.206327245194158e-33
TIGR02227.1	288.0	150.0	-1.7787549962915785	1.1694376206129574e-53	2.717889650122635e-53
NF003814.0	47.0	157.0	-3.622797300936045	9.527523199233915e-127	8.414307330691846e-126
TIGR00148.1	65.0	103.0	-2.8791707400032864	1.2763519012096953e-67	3.995743451921397e-67
TIGR00016.1	81.0	105.0	-2.681234132488208	8.70619984579756e-64	2.5451225333185204e-63
TIGR00655.1	73.0	124.0	-2.9512274813603687	3.936675507427592e-83	1.7113319951977978e-82
TIGR04359.1	106.0	25.0	-0.9995758034816072	0.0000745184018049243	0.00008291901739301259
TIGR03780.1	210.0	28.0	-0.42897328396674655	0.057360285808440076	0.05985731317572292
NF037982.1	126.0	148.0	-2.5891822056301574	1.2004916465799194e-85	5.444391845840824e-85
TIGR01068.1	131.0	67.0	-1.755943261991748	1.728465611580897e-24	2.2945927976524884e-24
TIGR01509.1	210.0	335.0	-2.9175833556692927	3.5407763129695237e-218	6.6015807257365125e-217
TIGR01225.1	59.0	91.0	-2.8504432989518036	2.4865951817888587e-59	6.560545149436642e-59
NF033577.2	177.0	134.0	-2.1505997541824	5.1093554678648565e-62	1.4194533899134486e-61
TIGR01098.1	50.0	75.0	-2.820007598352755	1.1573358211277802e-48	2.3009591325265582e-48
TIGR02891.1	72.0	168.0	-3.271963605248937	6.731998280183228e-124	5.648146557073728e-123
TIGR01764.1	4888.0	451.0	-0.03304672471735815	0.538673251635877	0.5464895503295052
TIGR03249.1	34.0	79.0	-3.248442336896555	6.610910411200191e-59	1.7118993317891852e-58
TIGR04406.1	75.0	84.0	-2.5338746546051554	3.226586733806091e-48	6.339827329422272e-48
NF003808.0	103.0	60.0	-1.8851542776435162	2.8562906438609618e-24	3.762053140030372e-24
TIGR00421.1	55.0	114.0	-3.1454971408732866	1.2817269435122144e-81	5.431156088922968e-81
NF004685.0	54.0	114.0	-3.1635261968108064	4.536319253562568e-82	1.94182237435663e-81
TIGR02740.1	222.0	89.0	-1.513620236860996	5.179205479742668e-26	7.123530159842784e-26
TIGR03349.1	100.0	152.0	-2.8455246783108374	1.2504033860653625e-97	7.285336395200273e-97
TIGR01882.1	30.0	76.0	-3.3312492129468323	4.635504918117843e-58	1.1857282397258752e-57
TIGR01613.1	141.0	89.0	-1.9658511419915514	3.1388505270298783e-37	5.083968324668085e-37
TIGR01552.1	1059.0	631.0	-1.9647068032090038	7.542317900970583e-249	1.5820011797285797e-247
TIGR02365.1	25.0	105.0	-3.830445270162026	3.013564031780513e-89	1.4365796719680967e-88
NF033572.1	93.0	66.0	-2.0809220483340853	3.722315436680339e-30	5.459829810095812e-30
TIGR01414.1	230.0	230.0	-2.438661913966694	7.472440851113372e-123	6.1464488961609e-122
TIGR01822.1	146.0	68.0	-1.6628724013565905	4.633651957280456e-23	6.036698745587426e-23
TIGR03718.1	40.0	62.0	-2.8491502787338123	5.687161288198095e-41	9.797799426690353e-41
TIGR03026.1	137.0	264.0	-3.0964885961041704	2.223912360343373e-183	3.0094555973033707e-182
NF008277.0	44.0	66.0	-2.8180732654129663	5.284392459120037e-43	9.373372670616726e-43
TIGR03751.1	340.0	59.0	-0.678404576934204	0.000013902912253997134	0.000015615185249134665
TIGR00035.1	120.0	103.0	-2.272444962223085	1.5410456995099975e-51	3.332312736827031e-51
TIGR02601.1	136.0	122.0	-2.3182529508457224	3.21387307246217e-62	9.018192333765086e-62
TIGR02053.1	64.0	136.0	-3.17417444214954	7.674591312569648e-98	4.5344944445393906e-97
TIGR00614.1	90.0	39.0	-1.59422990167798	4.1697749216952853e-13	5.077563366186276e-13
TIGR02607.1	606.0	132.0	-0.9039346691108622	2.7066630761455805e-17	3.374279823010612e-17
NF041497.1	160.0	134.0	-2.25116437954097	1.034834850970288e-65	3.168709634905371e-65
NF007621.2	408.0	230.0	-1.865403226992117	1.083433208918286e-86	4.967215640887661e-86
TIGR03860.1	277.0	342.0	-2.6626075324502363	3.0391653082690394e-201	4.999724889485733e-200
NF033894.1	914.0	202.0	-0.921796345482777	2.5242144086254592e-26	3.488988284739308e-26
TIGR00700.1	86.0	76.0	-2.2987402082082	4.974743836730209e-39	8.297833159078819e-39
NF002550.0	90.0	91.0	-2.433598367458435	1.096012250399435e-49	2.2265236757509107e-49
TIGR01728.1	136.0	133.0	-2.4052882997313993	9.218679137895245e-71	3.0571034769541934e-70
TIGR02089.1	94.0	182.0	-3.0896655014048093	7.754777128023424e-127	6.921551074906013e-126
TIGR02431.1	69.0	144.0	-3.1577715841277123	5.816264874978759e-103	3.753727869313214e-102
NF038220.1	245.0	50.0	-0.8423690935400437	1.0908226350721541e-6	1.2485677910307468e-6
NF004829.0	73.0	44.0	-1.9196079883157864	1.251150288255892e-18	1.5737857448975913e-18
TIGR02762.1	455.0	264.0	-1.8977526517163537	1.629624717500145e-101	1.0127815836908308e-100
TIGR01060.1	82.0	58.0	-2.077345720170831	1.2307657865033692e-26	1.712458532133212e-26
TIGR02770.1	348.0	554.0	-2.943366845933558	0.0	0.0
TIGR02612.1	121.0	25.0	-0.8682197623047205	0.0004121186413198692	0.0004496326918951499
TIGR02842.1	40.0	98.0	-3.3056202210426595	8.51841520977018e-74	2.965539568878499e-73
TIGR02017.1	30.0	84.0	-3.4310920302426533	1.1358118073284767e-65	3.45270328387171e-65
NF002586.0	112.0	68.0	-1.926286562503904	4.4182319618872784e-28	6.240566693642132e-28
TIGR00202.1	197.0	12.0	0.3116142548803464	0.2545089754636889	0.2610428244670354
NF002958.0	41.0	87.0	-3.1623559485298864	4.605137987299294e-63	1.3097324648624093e-62
TIGR03734.1	152.0	111.0	-2.1125587581233316	1.5762641727689552e-50	3.257353795451117e-50
NF033546.1	806.0	647.0	-2.2673821756466377	3.34405315456828e-309	1.0391335543269577e-307
TIGR02532.1	430.0	79.0	-0.7333539823297288	6.06096323679878e-8	7.013997456102313e-8
NF033516.0	925.0	1001.0	-2.6131332341859386	0.0	0.0
NF003417.0	52.0	172.0	-3.61624210773911	1.8760325020634837e-138	1.8737991300372175e-137
NF006942.0	56.0	54.0	-2.382710657314021	1.9583639575721154e-29	2.8279988991445865e-29
NF009093.0	71.0	91.0	-2.667994650055819	3.188477390155196e-55	7.68716244350635e-55
TIGR01026.1	171.0	99.0	-1.8804656801911381	7.454483189541841e-39	1.236029920163163e-38
NF008352.0	91.0	152.0	-2.938953455864871	5.1700668370801595e-101	3.166194216284857e-100
TIGR02428.1	209.0	182.0	-2.295184339107956	1.0762788396388114e-90	5.219641308999785e-90
NF041117.1	141.0	17.0	-0.3474830177858732	0.2447152711637906	0.2513049112685683
NF040974.1	1218.0	671.0	-1.8899138853015156	3.9747231455811504e-250	8.775770313533118e-249
TIGR00632.1	590.0	57.0	-0.0915424371850015	0.5657259619264566	0.573241644995528
NF008453.0	334.0	495.0	-2.864267815341128	1.6507772035e-314	5.540008295e-313
NF006129.0	43.0	68.0	-2.870218931918097	4.0981167766214984e-45	7.507248854990038e-45
TIGR00782.1	37.0	87.0	-3.2624808353517603	6.114988551585256e-65	1.8065054206971937e-64
NF041728.1	104.0	13.0	-0.39794950953399444	0.23872192496925565	0.2457517730665098
TIGR00357.1	89.0	54.0	-1.925601250485342	1.3016365340831208e-22	1.6879027080305074e-22
TIGR02683.1	210.0	80.0	-1.462582750147368	1.9856425099483252e-22	2.555144272770928e-22
NF041116.1	145.0	22.0	-0.5653984640460961	0.03266302950693242	0.034298224976616144
TIGR01189.1	390.0	521.0	-2.7635953856064224	6.288537e-318	2.1983676e-316
TIGR01387.1	84.0	140.0	-2.9349784816913798	4.558879586872344e-93	2.3905624833661853e-92
TIGR01722.1	115.0	130.0	-2.5488874632804808	4.0479413816147054e-74	1.4150928413228074e-73
TIGR01167.1	89.0	234.0	-3.4004821978917636	6.528984628966142e-178	8.559090787035302e-177
TIGR02595.1	282.0	23.0	0.05527273191525307	0.7541740810400901	0.755976169644726
TIGR03071.1	570.0	216.0	-1.4656333604871563	1.1289518850225057e-57	2.8789988800421955e-57
TIGR02430.1	123.0	166.0	-2.729435071268535	1.0494424345462519e-101	6.570762705853025e-101
TIGR03409.1	41.0	86.0	-3.150802531371921	3.8446622289899052e-62	1.0752238700408437e-61
NF010467.0	97.0	26.0	-1.1253987310020694	6.737167929587218e-6	7.617902820651854e-6
TIGR00433.2	63.0	48.0	-2.1505489959526716	2.733675706816583e-23	3.57808723559924e-23
NF009559.0	22.0	82.0	-3.705606198886407	2.231772296253554e-68	7.0926399869573176e-68
TIGR02402.1	72.0	95.0	-2.6972495520021202	2.8547295763904304e-58	7.32452022810878e-58
NF004684.0	77.0	128.0	-2.930541453350652	3.97304790604989e-85	1.782559996350726e-84
NF001591.0	54.0	52.0	-2.3811606096277727	2.209736214106335e-28	3.131703857491918e-28
TIGR00695.1	20.0	101.0	-4.005103653530314	9.62185632227686e-89	4.509909192396808e-88
TIGR03742.1	102.0	90.0	-2.2985460878613595	6.756585829684885e-46	1.2513853225398716e-45
TIGR01341.1	51.0	55.0	-2.4927130227606846	1.4600788858285073e-31	2.179726308203056e-31
TIGR00177.1	74.0	35.0	-1.6819185611958065	9.147503557656328e-13	1.109068711686945e-12
TIGR01313.1	52.0	81.0	-2.858253407960289	3.650148900283822e-53	8.299390046986794e-53
TIGR01655.1	1.0	106.0	-6.40515121625189	5.089643435452412e-114	3.9538989280968273e-113
NF001531.0	96.0	161.0	-2.944269363448488	4.504119555909916e-107	3.1491302561736828e-106
NF003462.0	3.0	184.0	-6.269335528858628	2.776683606848496e-195	4.2357046293561603e-194
TIGR03755.1	338.0	59.0	-0.6843091018062584	9.335339483088623e-6	0.000010527351917085153
TIGR02767.1	153.0	191.0	-2.6550981433400347	3.920369990021529e-113	2.990173110570966e-112
NF006684.0	31.0	69.0	-3.2033089737754423	5.150132278657406e-51	1.0994811658507796e-50
NF033519.0	63.0	40.0	-1.9713113524996406	1.1873059874269523e-17	1.4845748486605262e-17
NF010288.0	64.0	62.0	-2.3880842745779476	1.2104521005628158e-33	1.8600170556267443e-33
NF004804.0	145.0	20.0	-0.4741799750926499	0.086247703137523	0.08955671154997746
TIGR01783.1	479.0	423.0	-2.3367283150055136	6.356482665987702e-212	1.1110601993257672e-210
TIGR04361.1	44.0	76.0	-2.9584298117069343	8.344283957223823e-52	1.842330063187049e-51
NF002133.0	51.0	61.0	-2.595240009186848	1.8589796809334714e-36	2.959552091656893e-36
NF010415.0	83.0	122.0	-2.8079888095967664	1.2143490975074616e-77	4.783281186895588e-77
TIGR02686.1	5330.0	337.0	0.36416000164208745	2.286480487401167e-11	2.748362648896245e-11
TIGR01730.1	1169.0	1088.0	-2.4721412528150704	0.0	0.0
NF003820.0	55.0	87.0	-2.8745275680444435	2.6200881112615644e-57	6.641250529753634e-57
TIGR01488.1	68.0	48.0	-2.0752725900360343	2.7729965410840164e-22	3.562854667640873e-22
TIGR02818.1	148.0	123.0	-2.2423797410507134	3.519559986851301e-60	9.52551880312336e-60
TIGR02037.1	48.0	72.0	-2.819386641639531	8.912188824563344e-47	1.7110586782170814e-46
TIGR03558.1	138.0	111.0	-2.208674995578334	1.8159019599361872e-53	4.1740869709218114e-53
TIGR00481.1	122.0	119.0	-2.4011327055276945	2.2029109097834314e-63	6.395301914561588e-63
TIGR01443.1	58.0	48.0	-2.231947386068779	2.2742058970262973e-24	3.0143108177015224e-24
TIGR03215.1	81.0	89.0	-2.515606555530626	1.4753764020458175e-50	3.0639623794961405e-50
NF033814.1	103.0	119.0	-2.569131344465322	1.2359969105715164e-68	3.942971132963887e-68
TIGR02464.1	75.0	69.0	-2.33785157799544	2.5434225744395945e-36	4.0415370074901895e-36
TIGR03510.1	70.0	84.0	-2.601981290830763	1.0658435788764135e-49	2.1704921424206578e-49
TIGR03187.1	283.0	55.0	-0.7924535786361051	1.268979234452703e-6	1.4446045830472427e-6
NF033551.1	249.0	173.0	-2.0688245226696793	1.4302774651422097e-75	5.286355917419885e-75
TIGR02824.1	56.0	49.0	-2.2867810915719184	1.3960983819445857e-25	1.89842227301703e-25
TIGR04021.1	36.0	71.0	-3.086495505115624	1.316675121968208e-50	2.741167313477237e-50
NF001452.0	46.0	60.0	-2.6800035609411528	3.4555204403101703e-37	5.586091810058252e-37
TIGR01683.1	31.0	82.0	-3.3752730840383918	3.10621756578537e-63	8.986608750668708e-63
TIGR03561.1	126.0	148.0	-2.5891822056301574	1.2004916465799194e-85	5.444391845840824e-85
TIGR00125.1	79.0	85.0	-2.494359395888883	6.835859881947417e-48	1.3337875444078799e-47
TIGR02052.1	61.0	82.0	-2.713562211603871	7.018326193706923e-51	1.4832180545390702e-50
NF002955.0	312.0	139.0	-1.6216929566018718	8.660435018665186e-44	1.549276115279337e-43
TIGR04141.1	145.0	18.0	-0.3738499011011924	0.19703182609547856	0.20358337696318538
NF033559.1	122.0	57.0	-1.6663518349255644	1.2374393576568419e-19	1.5730479107183187e-19
NF009466.0	237.0	359.0	-2.868967984927036	1.98508710534055e-229	3.785200184956185e-228
TIGR03454.1	1117.0	677.0	-1.9872334969034418	1.087049774151945e-270	2.7637416985257027e-269
TIGR00093.1	66.0	43.0	-1.9964584037376687	3.605901389854556e-19	4.563124081580652e-19
TIGR03779.1	247.0	20.0	0.0567689804459387	0.7385065986617718	0.7429340962556673
NF033808.0	83.0	94.0	-2.5461787366659894	4.789480531535536e-54	1.1255950044701162e-53
NF010296.0	53.0	60.0	-2.5410941367626725	4.819987856186546e-35	7.558822077271986e-35
TIGR00724.1	54.0	178.0	-3.6140317020429027	3.8733702489639185e-143	4.012046467753985e-142
TIGR00709.1	37.0	73.0	-3.087464793779307	5.359552137900752e-52	1.1895937152642145e-51
TIGR03750.1	385.0	52.0	-0.429027937194982	0.008511591557210457	0.009016698631943905
TIGR01550.1	87.0	55.0	-1.9662380788552476	1.2491073604208569e-23	1.642634914409246e-23
TIGR02739.1	131.0	104.0	-2.1950088616118832	8.055140489049072e-50	1.6483567976371149e-49
NF040582.1	270.0	31.0	-0.27686032404363164	0.20583636437054625	0.2124190771302439
TIGR04255.1	116.0	18.0	-0.5956012443922409	0.03872187913443813	0.040558872152051915
TIGR02750.1	79.0	72.0	-2.3288528666030928	1.1868102599351647e-37	1.933463705020589e-37
NF006903.2	63.0	37.0	-1.894954904507576	1.2216088660119444e-15	1.5072497626235609e-15
TIGR03765.1	326.0	51.0	-0.5763868715427118	0.0004630980821373254	0.0005045964817054754
TIGR03745.1	389.0	56.0	-0.4919307215214657	0.001729262574655133	0.0018624535303410224
NF006039.0	194.0	36.0	-0.7526202865406777	0.00024839773837694945	0.0002734982972418118
TIGR00638.1	55.0	52.0	-2.3631316212869264	3.954631066481941e-28	5.595169417838699e-28
TIGR01901.1	161.0	147.0	-2.3385328086255317	2.2506973416584117e-75	8.174610691131634e-75
TIGR01480.1	119.0	103.0	-2.2807545851674114	9.018521501484383e-52	1.9859683831352746e-51
NF040811.1	59.0	73.0	-2.6304771285114175	5.922484209875553e-44	1.0685944628141052e-43
TIGR00813.1	92.0	58.0	-1.9634795667115161	8.655758867177452e-25	1.1600929216552526e-24
NF008731.0	65.0	52.0	-2.198723168988801	8.551987494733916e-26	1.1724048215819862e-25
NF010448.0	1980.0	164.0	0.07470445382945066	0.34032999053583235	0.3473684453279359
TIGR03925.1	86.0	40.0	-1.6640406057349368	3.458064627556819e-14	4.2479007650368536e-14
NF010449.0	2024.0	164.0	0.09717104521709036	0.22242186261336871	0.22925300090002007
TIGR00222.1	49.0	60.0	-2.618096953496149	3.06335561645159e-36	4.858516752746473e-36
NF037995.1	256.0	413.0	-2.938727511192662	2.355705062160515e-270	5.813048668096094e-269
NF010443.0	1043.0	604.0	-1.932818635111293	4.015410534879722e-233	7.83471962503276e-232
NF010297.0	314.0	210.0	-2.0344831250658557	2.933875086410187e-89	1.4065835414275125e-88
NF001422.0	82.0	75.0	-2.332653978047959	3.1545033142561575e-39	5.2826911789639046e-39
TIGR01215.1	83.0	75.0	-2.320667096269577	5.52212277223565e-39	9.192581360924029e-39
NF004823.0	40.0	60.0	-2.8166411325370864	3.1347119458394005e-39	5.260046645118514e-39
TIGR00883.1	43.0	60.0	-2.7459926123623695	3.49485037593413e-38	5.738120284557212e-38
TIGR03638.1	27.0	73.0	-3.3929485135038515	9.206328173955903e-57	2.3195523537384395e-56
TIGR03696.1	1582.0	295.0	-0.7551626370819349	5.422578679899025e-27	7.569955927512949e-27
NF033527.1	405.0	649.0	-2.962154318408926	0.0	0.0
TIGR00498.1	109.0	27.0	-1.046246205801422	0.00002377011980756931	0.000026590840691400868
NF006771.0	55.0	76.0	-2.7396257025906934	8.796244708938042e-48	1.700472191428345e-47
NF004837.0	199.0	248.0	-2.6604293446810345	1.544590249192963e-146	1.640393948193539e-145
NF001533.0	94.0	160.0	-2.9588069715317467	5.769118710665323e-107	4.000240163841493e-106
NF006091.0	61.0	95.0	-2.860691250939503	4.306955714491513e-62	1.2005102473283652e-61
NF007831.0	54.0	49.0	-2.322520154676834	4.6523765422827244e-26	6.409431722455182e-26
TIGR01692.1	28.0	99.0	-3.662195801813434	2.231852913076018e-81	9.31604275657104e-81
NF033550.5	232.0	226.0	-2.412042869670962	3.6749106114524975e-119	2.936428574293948e-118
TIGR02384.1	276.0	193.0	-2.077302294869852	1.644554539697638e-84	7.339262014927224e-84
NF006093.0	53.0	113.0	-3.173026973154475	1.3333931429586256e-81	5.621692698202446e-81
TIGR02756.1	89.0	91.0	-2.4446589250116326	5.926769264810382e-50	1.215784697598022e-49
NF010466.0	183.0	41.0	-0.9381760550109666	1.168185921088569e-6	1.3334802555011012e-6
TIGR00003.1	70.0	132.0	-3.055683836840215	1.5172252309410264e-91	7.400883539299541e-91
TIGR04379.1	42.0	79.0	-3.042507727285896	2.5761897783531134e-55	6.2468879307464224e-55
TIGR01439.1	421.0	387.0	-2.372736609954402	5.841244823951988e-198	9.075563717214292e-197
NF005313.0	80.0	38.0	-1.6853064352296772	8.92665066871134e-14	1.0901688371250094e-13
TIGR00732.1	87.0	33.0	-1.464524853820221	4.0946381679193794e-10	4.852261896729321e-10
TIGR01007.1	63.0	107.0	-2.9482041256664293	6.350191638726622e-72	2.148310800359531e-71
TIGR00455.1	73.0	90.0	-2.629520576023008	9.349495625420921e-54	2.1789518971467092e-53
TIGR02688.1	149.0	28.0	-0.7708681800956457	0.0008295642284847588	0.0008969128707457636
TIGR01207.1	68.0	102.0	-2.8249002340740708	1.2014883027196821e-65	3.639164931342286e-65
TIGR00663.1	99.0	99.0	-2.423571384005541	1.2399485737336124e-53	2.865886648381545e-53
NF033788.1	1127.0	1155.0	-2.578498269778068	0.0	0.0
TIGR03348.1	46.0	123.0	-3.397273359932977	2.0073076276242755e-94	1.1079809865636626e-93
NF007899.0	67.0	55.0	-2.224280608790698	1.405271850694798e-27	1.9782266488807644e-27
TIGR01102.1	161.0	78.0	-1.7021308674967255	4.501819570183073e-27	6.305553621675456e-27
TIGR01515.1	51.0	65.0	-2.658257062827359	8.709930089949114e-40	1.470348359248955e-39
NF004767.0	74.0	142.0	-3.074584759064909	6.1851578737425814e-99	3.68038826671633e-98
TIGR01469.1	49.0	57.0	-2.567293910052649	9.185577247028342e-34	1.4166726673266137e-33
NF003818.1	143.0	73.0	-1.7541049739166399	1.6760785133499973e-26	2.3243468970258642e-26
NF033564.0	59.0	65.0	-2.515072298149969	2.21291426912569e-37	3.5911703516372414e-37
NF010289.0	62.0	60.0	-2.3868488402154595	1.3648655761421864e-32	2.0595723352217524e-32
TIGR01221.1	73.0	107.0	-2.802915887181844	3.3689387633157273e-68	1.0666187254422246e-67
TIGR02074.1	40.0	74.0	-3.0249954245592487	1.240348572613493e-51	2.7242210796406297e-51
TIGR03411.1	42.0	89.0	-3.1615374208648994	1.87385999192506e-64	5.516380818333773e-64
TIGR03764.1	334.0	32.0	-0.09503473194828779	0.7026553028917558	0.7111312414067347
TIGR03030.1	55.0	47.0	-2.2634216109450427	2.6661229825751922e-24	3.522641232095411e-24
TIGR00589.1	136.0	70.0	-1.7622550967355664	1.2247533310643558e-25	1.6708423492081212e-25
TIGR02887.1	4.0	168.0	-5.953701306543146	2.6520244637144875e-176	3.423151577009931e-175
NF003027.0	20.0	104.0	-4.0344665629012315	8.79647005571039e-92	4.341316692200599e-91
NF009463.0	63.0	84.0	-2.705852260176437	6.476061535184671e-52	1.433618899213704e-51
TIGR04380.1	33.0	98.0	-3.4929042998109674	1.7636626540967766e-77	6.850522994385165e-77
TIGR01558.1	131.0	1.0	1.7785741361394984	0.0003397036982871215	0.0003725639253109738
TIGR03737.1	319.0	116.0	-1.4171429850325437	2.3844714759506896e-30	3.503627965538754e-30
TIGR01829.1	60.0	72.0	-2.60020724840187	8.129108324325542e-43	1.4388864734407447e-42
NF033103.1	31.0	124.0	-3.7899994551485445	3.4661481287465285e-104	2.3080145079510613e-103
NF008899.0	34.0	86.0	-3.333196437577809	1.7403289946815263e-65	5.214771523349288e-65
TIGR02913.1	86.0	18.0	-0.8921946891603197	0.0021298070765353744	0.0022792195627719123
NF033517.1	873.0	584.0	-2.076165627302081	5.999867656196729e-249	1.2907407598843734e-247
TIGR01051.1	216.0	23.0	-0.21100764336167924	0.4090653500809075	0.4165119280556813
TIGR00778.1	472.0	421.0	-2.346507466610446	4.739822683906351e-212	8.46108772722857e-211
TIGR01780.1	197.0	275.0	-2.776898343760512	3.2106796889690024e-170	4.081454937946959e-169
TIGR03914.1	30.0	95.0	-3.554161994503654	2.799885377541718e-76	1.0534097900257854e-75
TIGR02551.1	100.0	53.0	-1.7916988183576366	3.170541990936529e-20	4.048835206081808e-20
TIGR01399.1	127.0	69.0	-1.8159945924617584	2.4632748983471444e-26	3.410375643091179e-26
TIGR00773.1	68.0	99.0	-2.7949665515109103	4.773321667640613e-63	1.3529786753886738e-62
TIGR02516.1	60.0	46.0	-2.1566696846236497	1.8412353457469724e-22	2.3729592243958676e-22
TIGR01596.1	90.0	142.0	-2.881041991775619	1.4955385398086345e-92	7.60458687817845e-92
TIGR03920.1	110.0	39.0	-1.3953426975819316	5.7152518385523794e-11	6.859937471452712e-11
TIGR01926.1	122.0	130.0	-2.4902175917672142	3.9556352587020125e-72	1.3436348105469588e-71
NF012200.0	108.0	8.0	0.08192905156146424	0.7356545807075664	0.7409534132216665
NF038228.1	49.0	122.0	-3.3271437892300706	6.225289629824929e-92	3.1192429612866107e-91
NF040876.1	200.0	260.0	-2.704029661499938	2.3007340526385734e-156	2.644268315292826e-155
NF003587.0	73.0	65.0	-2.3052035545496974	9.765749702375504e-34	1.5033878899620272e-33
TIGR01732.1	11.0	110.0	-4.65049475650575	1.142131582246766e-105	7.790637378089729e-105
NF038317.1	115.0	11.0	-0.14380228443158358	0.7468446867416109	0.7495247514069516
TIGR02116.1	100.0	76.0	-2.149377454637933	6.42781349644747e-36	1.013709684872073e-35
TIGR02312.1	52.0	79.0	-2.8333116733034416	2.030228330511994e-51	4.378821514908902e-51
NF005684.0	27.0	96.0	-3.66646319294111	4.795429235359709e-79	1.9158881564127598e-78
TIGR00171.1	51.0	76.0	-2.813775602357409	3.5808078720626944e-49	7.153090011096667e-49
NF004625.0	30.0	103.0	-3.635204776375988	4.405883753629615e-84	1.9455455101553928e-83
NF033579.1	64.0	165.0	-3.3698318211368345	4.6593043649837565e-125	4.030058105382857e-124
NF010279.0	72.0	64.0	-2.30342816222295	3.267948262777577e-33	5.012447152596686e-33
TIGR00665.1	265.0	82.0	-1.2549799918122873	2.0910879856334906e-18	2.6263814669857762e-18
TIGR00180.1	8221.0	1964.0	-1.1639018669622463	1.7421646896e-314	5.62183144054e-313
TIGR00401.1	139.0	114.0	-2.228304436318954	1.7835948407946427e-55	4.350104858798562e-55
NF033441.0	131.0	28.0	-0.8988989712973321	0.0001196432331584659	0.00013260326634075679
NF006825.1	58.0	50.0	-2.2722003418667005	7.147962480058017e-26	9.815287268033841e-26
NF001529.0	88.0	129.0	-2.806343677248972	6.214671076082957e-82	2.646755854230254e-81
TIGR01373.1	45.0	102.0	-3.2306078424452394	4.084227600753888e-75	1.4581561519287286e-74
TIGR02044.1	93.0	144.0	-2.8627150518632147	3.405472725403727e-93	1.7969758595054885e-92
NF011659.0	54.0	96.0	-2.9910539223272727	1.1040241863733225e-65	3.368277426789882e-65
TIGR00633.1	208.0	105.0	-1.7442398494423226	4.227274446667772e-37	6.801715113398003e-37
TIGR03410.1	57.0	112.0	-3.092589969560843	6.635816808343044e-79	2.6386020389572576e-78
TIGR00696.1	53.0	52.0	-2.3995202195779113	1.2237279956503782e-28	1.740182692119775e-28
NF002461.0	87.0	141.0	-2.9074536089418577	8.423912961717166e-93	4.362754922765866e-92
NF003555.1	50.0	71.0	-2.7654427374181876	3.287184095203739e-45	6.034895964717587e-45
NF038319.1	111.0	11.0	-0.17893759714997265	0.7403283960904685	0.7438748794250336
NF007695.0	74.0	91.0	-2.6271407432205196	2.811199756662016e-54	6.643934072787131e-54
TIGR03803.1	121.0	0.0	2.3929522433975823	0.00007568166257144012	0.00008410187403634207
TIGR03831.1	84.0	33.0	-1.4992427535591792	1.9778178896204477e-10	2.353743559420646e-10
NF004805.0	141.0	17.0	-0.3474830177858732	0.2447152711637906	0.2513049112685683
TIGR03074.1	151.0	80.0	-1.791206253583159	1.015274595111383e-29	1.478846155032032e-29
TIGR02426.1	36.0	93.0	-3.3558662276994657	4.302539385609391e-71	1.432472438304079e-70
NF033884.1	76.0	29.0	-1.47251810924682	4.105043145182391e-9	4.837262919674194e-9
TIGR00689.1	55.0	78.0	-2.765517117604042	1.7071925724908782e-49	3.434855079903709e-49
TIGR01262.1	103.0	97.0	-2.3638550975412733	4.8785733215758726e-51	1.0441640348985095e-50
TIGR02817.1	50.0	58.0	-2.56469932907496	2.7478133100911534e-34	4.269287716974959e-34
TIGR01251.1	60.0	65.0	-2.4985324625963243	4.239924915741544e-37	6.801715113398003e-37
TIGR00034.1	42.0	69.0	-2.9077318586973715	2.264897442935118e-46	4.299205779689058e-46
TIGR03075.1	114.0	106.0	-2.352181275121871	2.841419352097698e-55	6.870175321066192e-55
TIGR01179.1	84.0	101.0	-2.6063037637176483	1.6736708421699042e-59	4.4862934076055895e-59
TIGR03864.1	87.0	121.0	-2.753137295552315	2.168031302176581e-75	7.90860114141805e-75
NF041498.2	58.0	229.0	-3.800945103158068	4.3454524004453385e-191	6.285921662023515e-190
NF002674.0	41.0	60.0	-2.7925332785060126	7.102192897119545e-39	1.1799484833036234e-38
NF004776.0	99.0	35.0	-1.3939671171350876	5.699392577825187e-10	6.744415194351667e-10
NF006757.0	74.0	81.0	-2.510824726630124	4.527917552086383e-46	8.460852619600167e-46
TIGR02843.1	45.0	102.0	-3.2306078424452394	4.084227600753888e-75	1.4581561519287286e-74
TIGR03804.1	48.0	126.0	-3.379861468125683	3.090721656980835e-96	1.752105047437109e-95
NF009805.0	48.0	74.0	-2.8466641403590316	1.6183898515921952e-48	3.2099978380280185e-48
NF006038.0	38.0	73.0	-3.0614790131339906	1.439652274635477e-51	3.1291923793242627e-51
TIGR02276.1	371.0	284.0	-2.177598790219917	4.719073226060811e-131	4.303589605070675e-130
TIGR02548.1	27.0	81.0	-3.4965992509120962	1.9608327910043177e-64	5.752233257526653e-64
TIGR03098.1	31.0	113.0	-3.696505084457911	2.705571809605334e-93	1.4458437886999206e-92
TIGR02798.1	44.0	60.0	-2.7235094092648864	7.597459980473665e-38	1.2425475484634318e-37
TIGR00924.1	37.0	69.0	-3.03139736676619	2.2856631547911624e-48	4.52280987469289e-48
NF010469.0	144.0	39.0	-1.1277682644071536	3.1473199914796854e-8	3.667502045627023e-8
NF002677.0	226.0	116.0	-1.7615382935962673	2.312487726803236e-41	4.0086305842725515e-41
NF038091.1	1694.0	348.0	-0.8570771433140728	7.778680617471733e-39	1.2872412303863479e-38
NF033632.1	95.0	22.0	-0.9852042337492763	0.00024916120765618437	0.0002739793620229865
TIGR02262.1	40.0	89.0	-3.2091862407331178	2.2409722592859117e-65	6.667289806882552e-65
NF007214.0	92.0	72.0	-2.17814082068774	1.0943004362555355e-34	1.7065391561680192e-34
NF037997.1	33.0	80.0	-3.2899872506382315	2.4894117005278735e-60	6.759276429588627e-60
TIGR02022.1	31.0	71.0	-3.231728639689689	7.100104106415582e-53	1.609996579806128e-52
NF010428.0	101.0	16.0	-0.6214948172323553	0.0413910469522472	0.043300608968747385
TIGR01755.1	81.0	53.0	-2.0003043528475235	2.4738369212186227e-23	3.243045588910038e-23
NF006000.0	24.0	107.0	-3.888618700355677	6.245921543458291e-92	3.1192429612866107e-91
NF006769.0	43.0	69.0	-2.884731988366777	5.42506321761619e-46	1.0114728976844406e-45
NF033547.1	243.0	70.0	-1.1838947517675456	1.1865944027556204e-14	1.4597546978181312e-14
NF009395.0	42.0	69.0	-2.9077318586973715	2.264897442935118e-46	4.299205779689058e-46
NF010450.0	1943.0	174.0	-0.004672379225961314	1.0	1.0
TIGR03738.1	349.0	106.0	-1.2366019185553991	8.099141921285345e-23	1.0535162902261092e-22
TIGR02772.1	215.0	241.0	-2.553885865700057	6.8586353250429974e-136	6.769876514954206e-135
TIGR00232.1	56.0	80.0	-2.7730574041901765	7.242908278762957e-51	1.5268341823824423e-50
TIGR02606.1	586.0	268.0	-1.6592605300795746	3.327405439823945e-85	1.500910303232414e-84
TIGR04382.1	52.0	64.0	-2.6238067319152507	1.2274525963810356e-38	2.027229780243482e-38
NF001534.0	50.0	104.0	-3.1468526434162443	1.1647053361307547e-74	4.123155177273009e-74
TIGR03357.1	115.0	132.0	-2.5642902840824084	9.343034964273664e-76	3.4839139266780457e-75
NF006667.0	59.0	76.0	-2.6705907580519566	1.8287747740388487e-46	3.4950843631403052e-46
TIGR01873.1	28.0	74.0	-3.3713945753490138	3.4316573199091247e-57	8.672170154830588e-57
TIGR02962.1	47.0	63.0	-2.707321407334921	2.1364427035784532e-39	3.5921351268583615e-39
NF000586.1	64.0	84.0	-2.690337497505481	1.377084712569638e-51	3.016642490459338e-51
TIGR03743.1	616.0	202.0	-1.3191744045783775	3.589580185845084e-46	6.783013008837895e-46
TIGR04377.1	61.0	72.0	-2.583936182330619	1.629915953309424e-42	2.860877583319261e-42
TIGR00014.1	246.0	235.0	-2.3935660685277176	1.1850241878923726e-122	9.65276984118156e-122
TIGR01843.1	237.0	261.0	-2.5386103400466236	6.3523824858185235e-146	6.662061132002177e-145
NF006124.0	100.0	22.0	-0.9343774682763983	0.00040821556815098066	0.00044595424697743853
TIGR01512.1	299.0	675.0	-3.3086178564445468	0.0	0.0
TIGR00363.1	41.0	87.0	-3.1623559485298864	4.605137987299294e-63	1.3097324648624093e-62
TIGR02499.1	69.0	58.0	-2.2478296550421044	2.2680323809472906e-29	3.269551834389651e-29
NF010278.0	74.0	59.0	-2.1957148081506657	5.272503100161694e-29	7.535996764967055e-29
TIGR01448.1	143.0	71.0	-1.726457144147662	2.860150474583103e-25	3.8704294325406833e-25
